s,map,is_success,iter,elapsed,elapsed_rollout,elapsed_clustering,elapsed_connection,elapsed_guide,f_err
0,299,1,113,1.50782,0.964909,0.0259393,0.00138142,0.515589,0.0959699
0,298,1,112,1.50297,0.965557,0.0241714,0.00136949,0.511867,0.0647246
0,297,1,109,1.42836,0.91586,0.0244065,0.00134368,0.486745,0.0535777
0,296,1,91,1.23549,0.796357,0.021171,0.00112622,0.416838,0.0956885
0,295,1,110,1.43013,0.923921,0.024949,0.00133876,0.479917,0.0918445
0,294,1,113,1.53355,0.992707,0.0279056,0.00136753,0.51157,0.0896085
0,293,1,105,1.4611,0.959289,0.0233414,0.00126478,0.477203,0.066983
0,292,1,96,1.26951,0.828079,0.022599,0.00119221,0.417642,0.0914696
0,291,1,110,1.57159,1.09353,0.0288406,0.00132807,0.447897,0.0656825
0,290,0,200,2.66855,1.81261,0.0480475,0.0023999,0.805486,0.530786
0,289,1,90,1.26541,0.843152,0.0238378,0.0011066,0.397309,0.054579
0,288,0,200,2.74389,1.87655,0.0501077,0.00238691,0.814841,0.600212
0,287,1,108,1.39535,0.84846,0.023887,0.00135535,0.521651,0.0922537
0,286,1,93,1.25475,0.810517,0.0219266,0.00114519,0.421161,0.0502661
0,285,0,16,0.213321,0.115877,0.00324739,0.000204707,0.0939927,4.29887
0,284,0,200,2.62675,1.77054,0.0470248,0.00240111,0.806784,0.733764
0,283,1,112,1.45871,0.917593,0.0258644,0.00138849,0.513859,0.0906366
0,282,1,99,1.2607,0.819128,0.0224396,0.00121297,0.41792,0.0955088
0,281,1,114,1.57722,1.0646,0.0290542,0.00138374,0.482183,0.0394754
0,280,1,101,1.37527,0.898336,0.0242873,0.00123328,0.45141,0.0618292
0,279,1,100,1.34908,0.857886,0.0235081,0.00123311,0.466458,0.0997609
0,278,1,130,1.69123,1.118,0.0302156,0.00158057,0.541436,0.0891308
0,277,1,110,1.55738,1.05093,0.0261034,0.00134877,0.478993,0.0959179
0,276,1,108,1.50174,0.986587,0.0257239,0.00132506,0.488099,0.0793379
0,275,1,94,1.24229,0.79239,0.020864,0.00114661,0.427889,0.0929384
0,274,1,95,1.26856,0.838563,0.0238357,0.00115982,0.405002,0.0679748
0,273,0,74,0.896069,0.504547,0.0151796,0.000935656,0.375407,1.6948
0,272,1,95,1.25995,0.824425,0.0230522,0.00117363,0.411301,0.0768128
0,271,0,34,0.471287,0.271972,0.00773778,0.00042914,0.191148,3.51953
0,270,1,104,1.38238,0.911207,0.0247496,0.00126309,0.44516,0.0517761
0,269,1,107,1.50043,0.996992,0.0270273,0.00129566,0.475116,0.091096
0,268,1,96,1.27606,0.816506,0.0222359,0.00117735,0.436144,0.0794554
0,267,1,99,1.33063,0.861025,0.0223312,0.00122157,0.446049,0.0514091
0,266,1,93,1.26635,0.823103,0.0222123,0.00113825,0.419892,0.0462298
0,265,1,114,1.53932,0.972535,0.0257431,0.00138837,0.539655,0.0971135
0,264,1,115,1.57013,1.03589,0.0272534,0.00139892,0.505595,0.063866
0,263,1,101,1.30639,0.840473,0.022948,0.00123466,0.441731,0.0823447
0,262,1,94,1.23854,0.787289,0.0216208,0.00115447,0.428477,0.0887812
0,261,1,82,1.11735,0.744559,0.0198739,0.000997777,0.351917,0.0723235
0,260,1,111,1.41695,0.918626,0.0244629,0.00136328,0.472495,0.0744325
0,259,0,200,2.82373,1.98241,0.0508872,0.00240757,0.788024,0.748726
0,258,1,98,1.41273,0.953017,0.0260884,0.00119402,0.43243,0.0969111
0,257,1,107,1.47683,0.992594,0.0269183,0.00130448,0.456017,0.0272429
0,256,1,106,1.43415,0.937205,0.0251725,0.00128297,0.470485,0.0894603
0,255,1,134,1.74548,1.1405,0.0310451,0.00162564,0.572316,0.0743352
0,254,1,123,1.74748,1.1949,0.0318026,0.00149991,0.51928,0.0521411
0,253,1,114,1.51656,0.988219,0.0270783,0.00138378,0.499879,0.0959913
0,252,1,116,1.74115,1.20228,0.0304348,0.00138612,0.507045,0.0825141
0,251,1,121,1.68084,1.13553,0.0302768,0.00150108,0.513534,0.085107
0,250,1,120,1.64907,1.08221,0.0289182,0.00145526,0.536477,0.0958394
0,249,0,200,2.7859,1.89588,0.0621665,0.0024215,0.825434,0.354828
0,248,1,107,1.48758,0.955185,0.0279932,0.00130194,0.503102,0.0776273
0,247,1,107,1.58079,1.08655,0.0515162,0.00130163,0.44143,0.0742602
0,246,1,99,1.30813,0.87033,0.0238047,0.00122819,0.412764,0.0969537
0,245,1,127,1.67245,1.10156,0.0281913,0.00157464,0.541123,0.0671445
0,244,0,200,2.71502,1.83758,0.0497639,0.00239026,0.825288,0.503144
0,243,1,95,1.34391,0.906184,0.0245697,0.00115915,0.411997,0.0807691
0,242,0,200,2.67963,1.80456,0.0456613,0.00241401,0.827002,0.450595
0,241,0,200,2.69093,1.84914,0.048442,0.00238589,0.790961,0.389675
0,240,1,84,1.16099,0.772617,0.0207293,0.00103661,0.366612,0.0933353
0,239,1,105,1.50882,1.03031,0.0281261,0.0012745,0.449103,0.0935594
0,238,1,97,1.36274,0.89368,0.0232136,0.0011805,0.444666,0.0865413
0,237,1,108,1.57772,1.07963,0.0268492,0.00130475,0.469931,0.0306492
0,236,1,104,1.4932,1.03838,0.0274355,0.00126643,0.426121,0.0948638
0,235,1,124,1.6426,0.995742,0.0275017,0.00152273,0.617834,0.0431868
0,234,1,121,1.70499,1.10918,0.0295952,0.00146874,0.56475,0.0928399
0,233,1,95,1.36839,0.937114,0.0304862,0.00116024,0.399632,0.0959813
0,232,1,90,1.24607,0.803635,0.0336666,0.00111255,0.40766,0.0833019
0,231,1,89,1.26517,0.84779,0.0227316,0.00117749,0.393473,0.0710526
0,230,1,102,1.39526,0.888041,0.0241657,0.00126321,0.481793,0.0961988
0,229,0,200,2.69067,1.80599,0.0494154,0.00242896,0.832827,0.475876
0,228,1,107,1.47994,0.992733,0.0267913,0.00130581,0.459105,0.0904587
0,227,0,200,2.58477,1.69277,0.0459947,0.00241081,0.843598,0.523696
0,226,0,200,2.729,1.89077,0.0503654,0.00241033,0.785452,0.545338
0,225,1,104,1.40802,0.900243,0.0252748,0.0013584,0.481145,0.0950591
0,224,1,128,1.70555,1.05833,0.029248,0.00156435,0.616403,0.0649428
0,223,1,107,1.44377,0.946418,0.025794,0.00131337,0.470249,0.0944979
0,222,0,60,0.853871,0.491879,0.0128671,0.000752045,0.348373,2.10715
0,221,1,108,1.46084,0.947531,0.0250713,0.00132095,0.486921,0.0912584
0,220,0,42,0.597406,0.359452,0.0102996,0.000530383,0.227124,2.42304
0,219,1,92,1.20268,0.779322,0.0211592,0.00113792,0.40106,0.0824053
0,218,0,200,2.82594,1.95006,0.0516707,0.00244859,0.821761,0.443739
0,217,1,95,1.3001,0.866749,0.0240576,0.00124381,0.408053,0.0970534
0,216,1,104,1.43553,0.962748,0.0256267,0.00127883,0.445873,0.0416761
0,215,0,200,2.84881,1.95809,0.0501039,0.00241461,0.838195,0.314754
0,214,1,91,1.32649,0.906137,0.0262078,0.00112444,0.393018,0.065749
0,213,1,129,1.72606,1.12436,0.03137,0.00158265,0.568742,0.0508015
0,212,1,114,1.6603,1.15842,0.0287872,0.0013898,0.471701,0.08126
0,211,1,102,1.38394,0.904947,0.0243092,0.00126016,0.453426,0.08863
0,210,1,115,1.59366,1.03892,0.0279278,0.00139745,0.525411,0.0446438
0,209,1,118,1.69353,1.16485,0.0346246,0.00144404,0.492616,0.0830792
0,208,0,200,2.74547,1.86038,0.0475448,0.00239225,0.835158,0.431123
0,207,1,150,2.05454,1.31883,0.0353754,0.00191264,0.698422,0.0988933
0,206,1,102,1.38743,0.923372,0.0247918,0.00123959,0.438027,0.0775851
0,205,0,200,2.56963,1.69743,0.0449603,0.00241191,0.824829,0.510578
0,204,0,200,2.92235,1.99799,0.0486373,0.0024294,0.873289,0.542095
0,203,1,126,1.72823,1.16815,0.03074,0.00155113,0.527786,0.0735596
0,202,1,118,1.64959,1.11565,0.0294958,0.00144362,0.503002,0.0480375
0,201,1,91,1.30461,0.873648,0.0232328,0.00110333,0.406629,0.0976013
0,200,1,87,1.19747,0.789267,0.02192,0.00106931,0.38521,0.0969872
0,199,1,108,1.48434,0.971337,0.0263222,0.00130963,0.485374,0.0745295
0,198,0,200,2.74018,1.88104,0.0532463,0.00238843,0.803505,0.722913
0,197,1,107,1.53151,1.01298,0.0263225,0.00129594,0.490909,0.0989773
0,196,1,100,1.39847,0.928626,0.0245279,0.00120741,0.444112,0.0980805
0,195,1,93,1.33484,0.912191,0.0251333,0.00114406,0.396375,0.0752135
0,194,1,135,1.75088,1.14904,0.0313273,0.00167594,0.568844,0.0370999
0,193,1,109,1.42147,0.905448,0.0243538,0.00134478,0.490322,0.0486933
0,192,1,113,1.57407,1.0581,0.0283847,0.00137238,0.486218,0.0630734
0,191,1,97,1.38554,0.939972,0.0252467,0.0011793,0.419137,0.0918305
0,190,1,87,1.1999,0.791054,0.0207662,0.001047,0.387033,0.0852641
0,189,1,113,1.57542,1.05379,0.02749,0.00139292,0.492741,0.0980938
0,188,1,91,1.27531,0.849109,0.0226319,0.00108846,0.402479,0.0780819
0,187,1,91,1.23869,0.804761,0.0214421,0.00111899,0.411369,0.0996876
0,186,1,102,1.39742,0.908366,0.0228471,0.00123094,0.464971,0.0477592
0,185,0,200,2.60609,1.76664,0.0470742,0.00241864,0.789955,0.742241
0,184,1,108,1.51986,1.0093,0.0264329,0.0012997,0.482836,0.0954313
0,183,1,111,1.57454,1.03326,0.0271777,0.00134719,0.512756,0.0977708
0,182,1,95,1.32978,0.856035,0.0216648,0.00114634,0.450933,0.0902642
0,181,1,121,1.7131,1.12338,0.0289803,0.0014698,0.559262,0.0592343
0,180,1,100,1.42605,0.938174,0.0240343,0.00120145,0.462636,0.0791894
0,179,1,111,1.59762,1.07247,0.0264659,0.00133346,0.497351,0.0481113
0,178,1,115,1.59253,1.06409,0.027996,0.00139841,0.499046,0.0887804
0,177,1,95,1.3199,0.887801,0.0235115,0.00117092,0.407414,0.0539503
0,176,1,119,1.69773,1.14825,0.0282902,0.00141925,0.51977,0.0249341
0,175,1,99,1.32713,0.831605,0.0230521,0.00122376,0.471247,0.0446996
0,174,1,90,1.2098,0.805074,0.022175,0.00109625,0.381455,0.0986141
0,173,1,120,1.63061,1.0931,0.0298378,0.00145415,0.506218,0.0723753
0,172,1,137,1.97669,1.3737,0.0366372,0.00165955,0.564696,0.0822292
0,171,1,112,1.47471,0.945379,0.0252068,0.00137505,0.502752,0.0757281
0,170,1,102,1.37341,0.909106,0.0263979,0.0012465,0.43666,0.0650989
0,169,1,89,1.23012,0.827702,0.021963,0.00109266,0.379363,0.082551
0,168,1,102,1.33773,0.880174,0.0229706,0.00123869,0.433348,0.0251886
0,167,1,93,1.32512,0.915179,0.0250587,0.0011384,0.383741,0.0607974
0,166,1,116,1.64535,1.10058,0.0293063,0.00140424,0.514057,0.054503
0,165,1,100,1.39236,0.941242,0.0248798,0.00122059,0.425013,0.0792763
0,164,1,103,1.5081,1.02076,0.0255979,0.00127879,0.460467,0.0811131
0,163,0,200,2.91177,2.02463,0.0487311,0.00234551,0.836062,0.382011
0,162,1,114,1.57052,1.05578,0.0285157,0.00138796,0.484837,0.0950844
0,161,1,102,1.5651,1.09819,0.0271294,0.00121245,0.438572,0.0891646
0,160,1,109,1.57909,1.04017,0.0504149,0.00132899,0.48718,0.0259314
0,159,1,93,1.35149,0.922282,0.0240802,0.00113673,0.403992,0.0213199
0,158,1,99,1.42495,0.945652,0.0238554,0.00117169,0.454266,0.0610534
0,157,1,103,1.45968,0.983211,0.0247671,0.00123629,0.450468,0.0917733
0,156,1,125,1.8116,1.24221,0.0337,0.00152933,0.534151,0.0704863
0,155,1,109,1.4487,0.94717,0.0264787,0.00133956,0.473715,0.0879828
0,154,0,20,0.265979,0.140857,0.00393506,0.000252638,0.120934,4.29234
0,153,1,107,1.44396,0.969744,0.0258782,0.00129746,0.447041,0.062821
0,152,1,94,1.31801,0.895979,0.0238425,0.00115233,0.397039,0.072274
0,151,1,102,1.39715,0.919648,0.0239859,0.00123405,0.452283,0.0544239
0,150,0,200,2.81831,1.91855,0.0510769,0.00242141,0.846264,0.420029
0,149,1,101,1.43351,0.978334,0.0276297,0.00122878,0.426316,0.0494215
0,148,1,93,1.29315,0.866882,0.0235691,0.001137,0.401567,0.0927113
0,147,1,101,1.4281,0.967219,0.026645,0.00124573,0.43299,0.0919167
0,146,1,82,1.18795,0.813468,0.0215813,0.00100466,0.351895,0.0246669
0,145,1,96,1.38975,0.942058,0.0239932,0.00117065,0.422524,0.090738
0,144,0,200,2.81884,1.93434,0.0501506,0.00238524,0.831972,0.466117
0,143,1,107,1.54718,1.04769,0.0269145,0.0012996,0.471283,0.0995464
0,142,1,90,1.23716,0.831367,0.0228231,0.00109518,0.38188,0.0733558
0,141,1,91,1.35161,0.930732,0.0240656,0.0010852,0.395727,0.0849595
0,140,1,131,1.77398,1.12389,0.0303558,0.00159935,0.618136,0.0705411
0,139,1,114,1.5273,1.00352,0.027278,0.00138926,0.495111,0.0427393
0,138,1,100,1.48687,1.00334,0.025752,0.00121774,0.45656,0.0990236
0,137,1,130,1.73751,1.07214,0.0305338,0.00158862,0.633246,0.0701611
0,136,0,26,0.348431,0.175819,0.00503348,0.000330812,0.167247,3.70684
0,135,1,97,1.38874,0.957531,0.0250629,0.001183,0.404968,0.0353152
0,134,1,115,1.51968,0.997723,0.026956,0.00140429,0.493595,0.0941445
0,133,1,125,1.78424,1.20756,0.0295448,0.0015493,0.545593,0.0813737
0,132,1,100,1.28819,0.84434,0.0236329,0.00122435,0.418995,0.094748
0,131,1,99,1.33883,0.898938,0.0240965,0.00120445,0.414588,0.0781042
0,130,0,200,2.8845,2.0521,0.0544073,0.00238493,0.775604,0.61536
0,129,1,88,1.30818,0.90814,0.0258572,0.00106733,0.373118,0.0810156
0,128,1,83,1.26618,0.871819,0.0214962,0.00101235,0.371857,0.0809982
0,127,0,200,2.64188,1.7817,0.0472078,0.00242916,0.810543,0.689784
0,126,1,114,1.54697,1.00741,0.0275688,0.00139252,0.510595,0.0797434
0,125,0,18,0.242634,0.132272,0.0037392,0.000231968,0.106391,4.18408
0,124,1,98,1.34105,0.911847,0.023983,0.00120612,0.404011,0.0837683
0,123,1,93,1.23222,0.799375,0.0201544,0.00114694,0.411548,0.052135
0,122,1,106,1.48981,1.02404,0.0273938,0.00129324,0.437077,0.0839905
0,121,1,110,1.50628,0.968174,0.025556,0.00135248,0.511202,0.0866712
0,120,1,87,1.18578,0.782568,0.0265546,0.0010651,0.375594,0.0917918
0,119,1,115,1.61903,1.08347,0.0285283,0.00140158,0.505636,0.0964228
0,118,1,87,1.11602,0.710194,0.019867,0.00107106,0.384892,0.0780934
0,117,0,26,0.387439,0.211831,0.00583187,0.000335369,0.169441,4.0929
0,116,1,106,1.48499,1.01414,0.028847,0.00128899,0.440713,0.0951164
0,115,1,121,1.65338,1.10383,0.0291259,0.00147677,0.518946,0.089466
0,114,1,101,1.36866,0.908813,0.0238165,0.00123786,0.434792,0.0959069
0,113,1,98,1.3719,0.892786,0.023944,0.00120974,0.453962,0.09369
0,112,1,94,1.27557,0.846588,0.0228348,0.00115295,0.404999,0.0863484
0,111,1,119,1.54931,0.982974,0.0260607,0.00146456,0.538816,0.0835575
0,110,0,200,2.86191,2.01887,0.0525867,0.00240266,0.788056,0.611075
0,109,1,100,1.4194,0.960084,0.0273966,0.00122598,0.430697,0.0807035
0,108,1,82,1.20838,0.835313,0.0218969,0.00102049,0.350151,0.0553963
0,107,1,110,1.56137,1.04185,0.0273044,0.00134125,0.490874,0.0856438
0,106,1,97,1.31914,0.876331,0.023135,0.00127061,0.418406,0.0560765
0,105,1,106,1.54402,1.05257,0.0280029,0.0012838,0.462165,0.064365
0,104,1,97,1.30462,0.864666,0.0235031,0.00120308,0.415248,0.0676096
0,103,1,117,1.61849,1.09692,0.0283498,0.00141344,0.491802,0.0875773
0,102,0,200,2.56053,1.71785,0.0461056,0.00241179,0.79416,0.597716
0,101,1,95,1.35696,0.93369,0.0252773,0.00117532,0.396817,0.0978817
0,100,1,110,1.61729,1.10776,0.0284976,0.00131227,0.47972,0.0357608
0,99,1,104,1.45875,0.998012,0.0268087,0.00128342,0.432641,0.0617447
0,98,1,106,1.45608,0.979257,0.0269325,0.00138428,0.448501,0.061924
0,97,1,116,1.69206,1.18381,0.0305548,0.00143061,0.476271,0.0572395
0,96,1,106,1.51916,1.01456,0.0257989,0.00129172,0.477511,0.0946025
0,95,1,102,1.42135,0.9744,0.027388,0.00125355,0.418309,0.0847646
0,94,1,106,1.53555,1.07014,0.0290007,0.00129801,0.435117,0.0570928
0,93,1,91,1.35423,0.960577,0.024794,0.00110428,0.367751,0.0910488
0,92,1,99,1.30511,0.857589,0.0230334,0.00120122,0.423286,0.0791712
0,91,0,200,2.57792,1.72244,0.0458806,0.00242088,0.807181,0.641391
0,90,1,92,1.35832,0.953016,0.0249847,0.00111885,0.379201,0.0687619
0,89,1,122,1.78409,1.24491,0.0325854,0.00148867,0.505105,0.0956049
0,88,1,109,1.49395,1.0166,0.0272601,0.0013355,0.448753,0.0805976
0,87,1,102,1.55814,1.09964,0.0270776,0.00122138,0.430196,0.0814133
0,86,1,107,1.49378,1.0054,0.0267072,0.00130826,0.460364,0.0910079
0,85,0,22,0.313646,0.172623,0.00496736,0.000284068,0.135771,4.03326
0,84,0,200,2.74904,1.91997,0.0510678,0.00240218,0.775606,0.4521
0,83,1,95,1.37465,0.948313,0.0251525,0.00116616,0.400014,0.0932341
0,82,1,103,1.46276,1.00396,0.0271116,0.00126212,0.430416,0.0966608
0,81,1,119,1.6129,1.08123,0.0291734,0.00145221,0.501036,0.0729281
0,80,1,103,1.41531,0.91323,0.0237846,0.00126922,0.477024,0.0937496
0,79,1,91,1.24205,0.841349,0.0239312,0.00112161,0.375644,0.0957784
0,78,1,121,1.66382,1.07279,0.028862,0.00149509,0.560678,0.0738769
0,77,0,200,2.81667,1.96415,0.0500078,0.00242474,0.800088,0.402032
0,76,1,95,1.38557,0.945984,0.0238297,0.00114488,0.414613,0.0969912
0,75,1,89,1.31417,0.926573,0.0234012,0.00112811,0.363065,0.0279815
0,74,0,200,2.9042,2.04185,0.0528642,0.00238849,0.807096,0.371749
0,73,0,200,2.80098,1.9464,0.0503682,0.00240393,0.801802,0.49957
0,72,1,94,1.38092,0.961951,0.0250542,0.00115049,0.392763,0.0987591
0,71,0,200,2.89588,2.05604,0.052931,0.0024075,0.784505,0.433861
0,70,1,99,1.41287,0.979264,0.0271185,0.00120995,0.40528,0.0695181
0,69,1,94,1.29366,0.842043,0.0227266,0.0012519,0.427636,0.0946433
0,68,1,95,1.39959,0.982913,0.0258719,0.00117113,0.389634,0.0963798
0,67,1,97,1.43955,1.01813,0.0261529,0.00120141,0.394075,0.0736997
0,66,1,102,1.53432,1.06843,0.0272805,0.0012313,0.437375,0.0879802
0,65,1,106,1.58315,1.10953,0.0279144,0.001283,0.444427,0.0924511
0,64,1,109,1.43521,0.922013,0.0245612,0.00133911,0.487302,0.0659865
0,63,1,102,1.4804,1.03052,0.0279588,0.00123736,0.420686,0.0858312
0,62,1,103,1.42108,0.930666,0.0246907,0.00126927,0.464451,0.059171
0,61,1,95,1.45429,1.01729,0.0335179,0.00116074,0.402321,0.0634013
0,60,1,104,1.5127,1.05197,0.0286508,0.00126231,0.430809,0.0757148
0,59,1,110,1.55115,1.04748,0.0273847,0.00134068,0.474945,0.0838262
0,58,1,115,1.52941,0.991526,0.0269333,0.00140692,0.509541,0.0995966
0,57,1,93,1.30263,0.892382,0.0232521,0.00114991,0.385851,0.0634796
0,56,1,103,1.54176,1.06719,0.0272253,0.00126211,0.446082,0.0847861
0,55,1,92,1.32833,0.911289,0.0249148,0.00113598,0.390992,0.0839344
0,54,1,92,1.3658,0.957006,0.0256762,0.00112196,0.381999,0.0895962
0,53,1,103,1.46752,1.0003,0.0270155,0.00142372,0.438779,0.0929894
0,52,1,106,1.47791,1.00544,0.0275296,0.00144714,0.443491,0.096106
0,51,1,109,1.65778,1.16983,0.0303851,0.00130955,0.456256,0.0838079
0,50,0,200,2.90575,2.03302,0.0535657,0.00239944,0.816759,0.375778
0,49,1,110,1.56655,1.07931,0.0277768,0.00133498,0.458129,0.0693028
0,48,1,97,1.40058,0.977047,0.0256219,0.00119007,0.396725,0.0975887
0,47,1,95,1.50984,1.07802,0.0330779,0.00115498,0.397586,0.0415457
0,46,1,98,1.43315,1.00254,0.0276989,0.00159108,0.401321,0.0983443
0,45,0,51,0.756007,0.485708,0.0130059,0.000630646,0.256663,1.98301
0,44,0,200,2.72211,1.87216,0.0505705,0.00240063,0.796981,0.506938
0,43,1,101,1.44742,0.996143,0.0266129,0.00123564,0.423428,0.0650726
0,42,1,95,1.43723,1.01576,0.0256338,0.00114716,0.39469,0.090782
0,41,0,200,2.87926,2.04522,0.0554648,0.00240256,0.776175,0.528216
0,40,1,123,1.82833,1.28475,0.034,0.00147503,0.508111,0.0788958
0,39,1,81,1.22385,0.835598,0.0203558,0.000967886,0.366925,0.0939309
0,38,1,119,1.55609,1.0137,0.0276338,0.00145931,0.513288,0.0646853
0,37,1,112,1.54529,1.04891,0.0275154,0.001364,0.46751,0.0216542
0,36,1,99,1.43983,1.00505,0.026495,0.00120351,0.407079,0.0811112
0,35,1,110,1.53842,1.06575,0.0278535,0.00133263,0.443486,0.0789053
0,34,1,121,1.76633,1.24202,0.0339017,0.00146809,0.488945,0.0740889
0,33,1,112,1.57775,1.06601,0.0292561,0.0013798,0.481112,0.0878883
0,32,1,99,1.46224,1.01195,0.0271469,0.0012136,0.421927,0.0767068
0,31,1,99,1.36454,0.920931,0.0247391,0.00122038,0.417647,0.0686073
0,30,1,113,1.57492,1.06262,0.0277775,0.00137759,0.483144,0.0750725
0,29,1,130,1.86657,1.3073,0.0363941,0.00157755,0.5213,0.083625
0,28,1,112,1.64402,1.13659,0.0284846,0.0013358,0.477612,0.0610082
0,27,1,93,1.35201,0.931827,0.0244784,0.00113609,0.394572,0.079694
0,26,0,200,2.85379,2.00259,0.0526398,0.00240009,0.796164,0.421479
0,25,1,85,1.31263,0.909978,0.0239975,0.00102935,0.377623,0.0587605
0,24,0,200,2.60997,1.73299,0.045974,0.00242482,0.828584,0.3967
0,23,1,115,1.65356,1.15542,0.0303151,0.0014094,0.466413,0.0976893
0,22,1,92,1.2813,0.850309,0.0226529,0.00112268,0.407216,0.0463243
0,21,1,86,1.2735,0.886514,0.0222304,0.00103175,0.36372,0.0928884
0,20,1,113,1.63532,1.15006,0.0319903,0.00138302,0.451887,0.0692457
0,19,0,200,2.70906,1.80428,0.0453213,0.00234223,0.857118,0.488631
0,18,1,95,1.4012,0.981096,0.0276311,0.00115105,0.39132,0.0741897
0,17,0,200,2.76604,1.92112,0.0491123,0.00237922,0.793426,0.418934
0,16,1,102,1.45594,0.983488,0.0254089,0.00123112,0.445808,0.0806984
0,15,1,98,1.40137,0.968395,0.0258369,0.00121046,0.405931,0.0433888
0,14,1,94,1.33722,0.910447,0.023214,0.00112785,0.402433,0.055608
0,13,1,112,1.66955,1.15055,0.0291402,0.00132623,0.488534,0.0719932
0,12,1,117,1.60107,1.08395,0.0289071,0.00141747,0.486794,0.0775001
0,11,0,200,3.02455,2.17767,0.0523539,0.00234557,0.792181,0.519259
0,10,1,104,1.56076,1.07317,0.0282547,0.00124529,0.458093,0.0953468
0,9,1,97,1.43971,1.00654,0.0272645,0.00117469,0.404722,0.0527487
0,8,0,200,2.79432,1.94137,0.0519091,0.00239485,0.798647,0.554498
0,7,1,104,1.43193,0.959874,0.0261695,0.00128636,0.4446,0.0990626
0,6,1,95,1.45439,1.00461,0.0237432,0.00110894,0.424932,0.0830213
0,5,1,94,1.34852,0.945958,0.0245045,0.00113415,0.376928,0.0953163
0,4,1,119,1.64485,1.10963,0.0297537,0.00145328,0.504014,0.0766581
0,3,1,92,1.31732,0.900394,0.0238453,0.00112609,0.39195,0.0903783
0,2,1,102,1.45936,0.988392,0.0265152,0.0012485,0.443209,0.0660254
0,1,1,96,1.27502,0.839637,0.0231469,0.00117933,0.411054,0.0716716
0,0,1,96,1.36148,0.936822,0.0261047,0.0011694,0.397386,0.0617451
1,299,1,111,1.48875,0.977685,0.0256002,0.00134857,0.484114,0.084732
1,298,0,33,0.445662,0.235186,0.00667125,0.000415369,0.203389,3.63459
1,297,1,96,1.2576,0.806363,0.0214117,0.00118639,0.428638,0.0937399
1,296,1,84,1.13593,0.752694,0.0202696,0.00102799,0.361936,0.0952159
1,295,1,102,1.33376,0.873379,0.0234613,0.00124686,0.435677,0.0893616
1,294,1,95,1.24351,0.801805,0.0228004,0.00117781,0.417726,0.0920828
1,293,1,106,1.38096,0.88159,0.024219,0.00131051,0.473844,0.0736415
1,292,1,91,1.22323,0.791783,0.033255,0.00113009,0.397063,0.0980562
1,291,1,89,1.28908,0.902674,0.0245037,0.00107059,0.360831,0.0684798
1,290,0,200,2.65532,1.79655,0.0474665,0.00239217,0.808906,0.467281
1,289,1,105,1.48833,1.0163,0.0257451,0.00127613,0.445006,0.0950406
1,288,1,102,1.39744,0.940714,0.0252587,0.00124205,0.430222,0.0726987
1,287,1,119,1.67155,1.05152,0.0263766,0.0014557,0.592202,0.0245135
1,286,1,122,1.65606,1.09515,0.0279989,0.00150461,0.531409,0.0517329
1,285,1,145,1.92298,1.29354,0.0346064,0.00176246,0.593074,0.0996842
1,284,1,120,1.5916,1.0437,0.0278761,0.00148194,0.518548,0.0704077
1,283,1,110,1.42866,0.914713,0.0249759,0.00133416,0.487638,0.0654441
1,282,1,106,1.37532,0.887172,0.0237759,0.00130454,0.463062,0.079652
1,281,1,112,1.61755,1.12375,0.0290562,0.00135755,0.463386,0.0702351
1,280,0,200,2.77089,1.88402,0.0479634,0.00237795,0.836529,0.529745
1,279,1,121,1.65963,1.11215,0.0283361,0.00148584,0.517662,0.0983323
1,278,0,200,2.6623,1.73897,0.0465116,0.0024164,0.874396,0.572005
1,277,1,100,1.37299,0.887183,0.0242583,0.00123034,0.460321,0.0669871
1,276,0,200,2.81541,1.94814,0.0551616,0.0023933,0.809712,0.324617
1,275,1,101,1.39288,0.924502,0.0228041,0.00121555,0.444359,0.0945337
1,274,1,95,1.32422,0.900885,0.0241056,0.0011642,0.398062,0.0499399
1,273,1,107,1.45356,0.922888,0.0244977,0.00130928,0.50486,0.0743925
1,272,1,97,1.36264,0.907725,0.0241264,0.00119622,0.429592,0.0823206
1,271,1,97,1.36292,0.922848,0.0252279,0.00118803,0.413659,0.0856825
1,270,1,98,1.29007,0.825094,0.0217392,0.00120133,0.442038,0.0559503
1,269,1,102,1.44896,0.988175,0.0381582,0.00123872,0.421384,0.0951416
1,268,1,89,1.18734,0.763488,0.0213124,0.00108783,0.40145,0.0821423
1,267,0,20,0.272344,0.140303,0.00415513,0.000262989,0.127623,3.98046
1,266,0,200,2.7576,1.89703,0.0516525,0.0024132,0.806499,0.644637
1,265,1,112,1.50183,0.959087,0.0242442,0.0013678,0.517126,0.0767885
1,264,1,107,1.42512,0.944007,0.0260079,0.00130688,0.453793,0.0975151
1,263,1,111,1.45147,0.920822,0.0254909,0.00135211,0.503808,0.0199358
1,262,1,113,1.49564,0.979152,0.0270668,0.00137123,0.488052,0.0400044
1,261,1,102,1.40176,0.917362,0.0254338,0.00124025,0.457724,0.0721681
1,260,1,110,1.41034,0.880043,0.0241917,0.00133567,0.504771,0.0768325
1,259,1,102,1.40038,0.929232,0.0250813,0.00124422,0.444823,0.0819128
1,258,1,107,1.46608,0.982052,0.0260671,0.00129815,0.456667,0.025088
1,257,1,120,1.65531,1.12695,0.0312171,0.00145243,0.495691,0.0840542
1,256,1,102,1.45385,0.963198,0.0244905,0.00122161,0.464942,0.0968625
1,255,1,90,1.17186,0.754998,0.0206703,0.00110867,0.395084,0.0865287
1,254,1,106,1.48435,1.00547,0.027152,0.00129774,0.450431,0.0987451
1,253,1,98,1.31173,0.856499,0.0240384,0.0011981,0.429996,0.0818218
1,252,1,105,1.49342,1.0345,0.0276024,0.00127363,0.430042,0.080747
1,251,1,104,1.45387,0.965532,0.0261634,0.00127332,0.460904,0.0891342
1,250,1,98,1.42547,0.958227,0.0233648,0.00116224,0.442715,0.0670841
1,249,1,92,1.28487,0.856077,0.0240979,0.00113235,0.403562,0.0921224
1,248,1,116,1.54196,0.996803,0.0266552,0.00142007,0.517086,0.0551457
1,247,1,114,1.66511,1.14843,0.0280342,0.00140235,0.487234,0.0809476
1,246,0,200,2.73705,1.85603,0.0495595,0.00238517,0.829076,0.605101
1,245,1,92,1.22218,0.789368,0.0207553,0.00111958,0.410936,0.0931255
1,244,0,31,0.426097,0.23061,0.00664253,0.000391207,0.188454,3.65135
1,243,1,98,1.40969,0.940211,0.0247573,0.00120824,0.443512,0.0875612
1,242,1,103,1.3259,0.842474,0.0227728,0.00126479,0.459387,0.0991377
1,241,1,124,1.63865,1.06385,0.028693,0.00150276,0.544603,0.0648802
1,240,1,101,1.40536,0.963123,0.0258011,0.00122728,0.415206,0.0475691
1,239,0,200,2.84739,2.00218,0.0520178,0.0024045,0.790786,0.541306
1,238,1,124,1.7658,1.20115,0.0308678,0.00149905,0.53229,0.06821
1,237,1,93,1.32263,0.88243,0.0225277,0.00112856,0.416546,0.0838773
1,236,1,112,1.62536,1.13966,0.0301217,0.00162788,0.453948,0.0941395
1,235,0,200,2.5564,1.6872,0.0466764,0.00239353,0.820135,0.463459
1,234,0,200,2.82917,1.96891,0.0558831,0.00239146,0.801981,0.452448
1,233,0,200,2.85242,2.0133,0.0532954,0.00242172,0.783395,0.562692
1,232,1,101,1.3716,0.929198,0.023669,0.00123457,0.417503,0.0556707
1,231,1,92,1.32636,0.916772,0.0240701,0.00111526,0.384406,0.0700085
1,230,1,113,1.60501,1.05002,0.0255976,0.00135148,0.528043,0.084222
1,229,1,115,1.53161,1.02897,0.0275362,0.00138701,0.473709,0.0905412
1,228,1,88,1.21604,0.803109,0.0219661,0.00108087,0.38988,0.0700941
1,227,0,200,2.51515,1.66598,0.045587,0.00240367,0.801179,0.442507
1,226,1,101,1.41908,0.962139,0.0259291,0.00124887,0.429762,0.09308
1,225,1,110,1.50319,1.0023,0.026694,0.00135673,0.472844,0.0909782
1,224,1,103,1.36333,0.895127,0.0244596,0.0012675,0.442473,0.0660114
1,223,1,120,1.64589,1.06858,0.0293376,0.00147071,0.546497,0.0935465
1,222,1,95,1.30077,0.877374,0.0220774,0.00122935,0.400092,0.0904856
1,221,1,101,1.38886,0.942371,0.0252611,0.00123981,0.419988,0.0972656
1,220,1,104,1.45114,0.957143,0.0246779,0.00126909,0.468051,0.0827507
1,219,1,95,1.26326,0.810776,0.0219196,0.00117195,0.429392,0.0970623
1,218,1,115,1.62985,1.13055,0.0297552,0.00140409,0.468136,0.0943565
1,217,1,114,1.55341,0.997037,0.0270291,0.00140202,0.527945,0.0972204
1,216,1,94,1.34182,0.881966,0.0227441,0.00113581,0.435972,0.0657362
1,215,1,98,1.3772,0.913401,0.0233035,0.0011979,0.439299,0.0666314
1,214,1,114,1.62307,1.11286,0.0296127,0.00138511,0.479216,0.0510207
1,213,1,98,1.30929,0.859053,0.023262,0.00119375,0.425778,0.081058
1,212,1,116,1.68104,1.17383,0.0306613,0.00142842,0.47512,0.0839262
1,211,1,115,1.55049,1.00159,0.0265204,0.00139539,0.520989,0.0697382
1,210,1,85,1.1417,0.761624,0.0208393,0.00104272,0.358195,0.0851524
1,209,1,116,1.70378,1.20056,0.0311005,0.00140579,0.470714,0.0636735
1,208,1,105,1.47515,0.994476,0.0256829,0.00128236,0.453709,0.0718974
1,207,1,90,1.29035,0.859697,0.0211636,0.00109181,0.408393,0.0700169
1,206,0,25,0.330349,0.175546,0.00499117,0.000318329,0.149493,3.85521
1,205,1,108,1.41464,0.893412,0.0250807,0.00133705,0.494811,0.0993722
1,204,0,200,2.71244,1.83176,0.0479191,0.00243038,0.830333,0.581913
1,203,1,112,1.56132,1.02284,0.0279103,0.00141164,0.509154,0.0781449
1,202,1,99,1.37667,0.929465,0.0258302,0.00121734,0.420158,0.075055
1,201,0,50,0.65255,0.374742,0.0107494,0.000650474,0.266409,2.79271
1,200,1,123,1.66687,1.11523,0.0301763,0.00150997,0.519957,0.0796293
1,199,1,90,1.25322,0.846645,0.0223661,0.00109858,0.383109,0.0675891
1,198,1,118,1.59017,1.05218,0.0283152,0.00143377,0.50824,0.0917536
1,197,1,83,1.13791,0.768406,0.0200655,0.00101252,0.348428,0.0995641
1,196,1,100,1.4216,0.942086,0.0242885,0.00120581,0.454019,0.0868407
1,195,1,91,1.28412,0.860058,0.0234006,0.00109805,0.39956,0.0934898
1,194,0,200,2.6565,1.77989,0.0486232,0.00244536,0.825546,0.675513
1,193,1,108,1.45126,0.908889,0.0269436,0.00131573,0.514109,0.0826366
1,192,1,113,1.54951,1.04022,0.0286654,0.00136937,0.479247,0.0807595
1,191,1,106,1.4923,1.00752,0.0271757,0.00127988,0.45633,0.0299291
1,190,1,106,1.43382,0.92605,0.0252379,0.00129569,0.481239,0.0651928
1,189,1,99,1.35176,0.909457,0.0246102,0.0012005,0.416495,0.0704533
1,188,1,114,1.56288,0.98767,0.0272963,0.00140598,0.546504,0.0979497
1,187,1,105,1.39466,0.915597,0.0248562,0.00128303,0.452922,0.0694895
1,186,1,122,1.56837,1.01898,0.0276758,0.00149147,0.520219,0.0503372
1,185,1,100,1.36775,0.924418,0.024173,0.0012124,0.417945,0.0651876
1,184,1,122,1.71668,1.15976,0.0304584,0.0015002,0.524963,0.0592309
1,183,1,107,1.44175,0.958355,0.0258368,0.0013024,0.456259,0.0711834
1,182,1,94,1.26063,0.838664,0.0221712,0.00115122,0.398643,0.0766967
1,181,1,116,1.56902,1.04151,0.0276446,0.00144044,0.498427,0.0868685
1,180,1,115,1.58297,1.04694,0.0271695,0.00139746,0.507467,0.0626872
1,179,1,120,1.68701,1.0748,0.0278939,0.00146567,0.582853,0.0567961
1,178,1,111,1.55925,1.03184,0.0269023,0.00135222,0.499158,0.0824455
1,177,1,116,1.62963,1.10385,0.0293061,0.00140399,0.495077,0.0876059
1,176,0,200,2.89865,2.03607,0.0488146,0.00232656,0.81144,0.452899
1,175,1,101,1.38848,0.909189,0.023395,0.00122845,0.454664,0.0747034
1,174,1,103,1.41335,0.91768,0.0249088,0.00126551,0.469495,0.0883991
1,173,1,97,1.32351,0.837656,0.0229501,0.00119148,0.461712,0.086316
1,172,1,108,1.63895,1.12928,0.0379199,0.00130301,0.47045,0.0380183
1,171,1,101,1.38878,0.908439,0.0225172,0.00124344,0.456584,0.0983808
1,170,1,126,1.69774,1.12238,0.0297286,0.00153106,0.544099,0.0978313
1,169,1,103,1.41781,0.963322,0.0258503,0.00124735,0.427386,0.0417149
1,168,0,200,2.64916,1.71107,0.0450344,0.00242422,0.890631,0.342717
1,167,1,88,1.23911,0.844985,0.0231177,0.00108089,0.369927,0.0976005
1,166,0,200,2.7442,1.90079,0.0500818,0.00239386,0.790927,0.52011
1,165,0,40,0.521054,0.297393,0.00848141,0.000504827,0.214675,3.22421
1,164,1,102,1.45316,0.994953,0.0261712,0.00125987,0.430777,0.0418307
1,163,1,102,1.37143,0.897017,0.0234796,0.00124211,0.449695,0.0707652
1,162,1,112,1.51346,0.991244,0.0269099,0.00136703,0.493936,0.0734499
1,161,1,97,1.39885,0.975116,0.0271888,0.001189,0.395355,0.0770498
1,160,0,200,2.72374,1.86259,0.0492806,0.00240818,0.809459,0.649509
1,159,1,97,1.44517,1.01434,0.0274787,0.00118223,0.402172,0.0957595
1,158,1,109,1.44391,0.937872,0.0255839,0.00134155,0.479111,0.0902276
1,157,0,44,0.579849,0.333257,0.00925025,0.000551701,0.236789,2.83877
1,156,1,92,1.36371,0.94554,0.0273894,0.0011277,0.389648,0.0866521
1,155,1,101,1.34178,0.884203,0.0240515,0.00122371,0.432305,0.0886639
1,154,1,113,1.51032,1.01749,0.0272849,0.00137798,0.464173,0.0886618
1,153,1,114,1.53627,1.02772,0.0277093,0.00138436,0.479457,0.0602884
1,152,1,117,1.64056,1.08688,0.0293595,0.00142267,0.5229,0.0911626
1,151,1,137,1.87938,1.21729,0.0312336,0.00164231,0.629214,0.0942188
1,150,1,93,1.31262,0.903433,0.0235185,0.00114134,0.384528,0.05859
1,149,1,124,1.75476,1.17641,0.0304846,0.00149023,0.546373,0.0340981
1,148,0,200,2.73301,1.89217,0.0495068,0.002386,0.788948,0.426351
1,147,1,100,1.44695,0.985636,0.0250999,0.00120063,0.435012,0.0950004
1,146,1,88,1.26682,0.883219,0.023757,0.00108101,0.358763,0.0653455
1,145,1,100,1.41257,0.966272,0.0257587,0.00121486,0.419323,0.0588583
1,144,1,104,1.43889,0.972341,0.0259074,0.00126736,0.439378,0.0923089
1,143,0,17,0.231984,0.13135,0.00377392,0.00021628,0.0966441,4.18977
1,142,0,200,2.64571,1.80482,0.0480689,0.00239345,0.790426,0.761235
1,141,0,200,2.86347,2.01906,0.0520024,0.00238827,0.790013,0.381244
1,140,0,200,2.67132,1.76977,0.0475861,0.00240697,0.851562,0.47172
1,139,0,200,2.80779,1.94986,0.0495076,0.00238705,0.80603,0.489342
1,138,1,104,1.52276,1.02901,0.0275526,0.00125674,0.464939,0.099851
1,137,0,200,2.78314,1.91208,0.0499983,0.00235615,0.818705,0.429462
1,136,1,107,1.45784,0.946846,0.0245892,0.00131212,0.48509,0.0880222
1,135,1,87,1.27888,0.896774,0.0236985,0.00105203,0.357351,0.0759252
1,134,1,132,1.86569,1.2411,0.030526,0.00157262,0.592488,0.0564596
1,133,1,96,1.34243,0.904203,0.0227426,0.00115553,0.414327,0.0775991
1,132,0,200,2.56935,1.71765,0.0449308,0.00242468,0.804347,0.595247
1,131,1,117,1.66769,1.15069,0.0351373,0.00140278,0.480462,0.0914132
1,130,1,89,1.32833,0.920599,0.0234746,0.00110433,0.383153,0.0725234
1,129,1,117,1.6779,1.17015,0.0309163,0.00142999,0.475403,0.0853291
1,128,1,85,1.22402,0.850045,0.0230522,0.00103045,0.349893,0.0934433
1,127,1,119,1.58606,1.03612,0.027221,0.00147464,0.521239,0.0978177
1,126,0,200,2.66742,1.76768,0.0459577,0.00239284,0.851387,0.24776
1,125,1,111,1.57467,1.06915,0.0287055,0.00134458,0.47547,0.0909221
1,124,1,100,1.3975,0.950767,0.0251696,0.00121189,0.420349,0.0997265
1,123,1,110,1.55911,1.02303,0.0418817,0.00133791,0.492861,0.0846009
1,122,1,106,1.79189,1.2089,0.125248,0.00128531,0.456456,0.0321545
1,121,1,114,1.71276,1.15813,0.0543737,0.00137058,0.498888,0.0811588
1,120,1,111,1.55293,1.02685,0.0260181,0.00134449,0.498718,0.0719152
1,119,0,200,2.78473,1.90114,0.048711,0.00240912,0.832463,0.454795
1,118,1,119,1.6521,1.06315,0.0264865,0.0014289,0.561041,0.0875099
1,117,1,108,1.47444,0.972844,0.0254095,0.00131498,0.474875,0.0899494
1,116,0,200,2.80568,1.97543,0.0512272,0.00238472,0.776636,0.492009
1,115,1,91,1.25499,0.839966,0.0234968,0.00111688,0.39041,0.0821242
1,114,1,122,1.66954,1.09459,0.0282214,0.00149852,0.545231,0.0848982
1,113,1,95,1.39664,0.939583,0.0231053,0.00118571,0.432771,0.0896901
1,112,1,103,1.37197,0.884059,0.0240317,0.00126859,0.462607,0.0999145
1,111,1,172,2.36157,1.46125,0.0389999,0.00209743,0.859221,0.0881211
1,110,1,102,1.47167,1.02243,0.0283047,0.00125468,0.419684,0.0678357
1,109,1,97,1.36907,0.921698,0.0247523,0.00118532,0.421438,0.0786881
1,108,1,111,1.62994,1.15111,0.0299468,0.00135192,0.447531,0.0457713
1,107,1,110,1.54202,1.04858,0.0269671,0.00135436,0.465114,0.0862104
1,106,1,125,1.67801,1.10155,0.0293314,0.00152473,0.545604,0.0408539
1,105,1,129,1.83681,1.20625,0.0315473,0.00157611,0.597439,0.0986462
1,104,1,134,1.84689,1.25657,0.0320397,0.00162462,0.556653,0.0935948
1,103,1,119,1.65824,1.07915,0.0284883,0.00144712,0.549153,0.0720069
1,102,1,113,1.51596,1.01043,0.02611,0.00135931,0.478061,0.0565233
1,101,1,106,1.52263,1.06003,0.0289701,0.0012854,0.432338,0.0786986
1,100,1,105,1.49425,1.00868,0.0261285,0.00129273,0.458149,0.0646005
1,99,1,104,1.5248,1.01852,0.0263716,0.00125664,0.478646,0.095624
1,98,0,23,0.314399,0.17359,0.00479746,0.000294416,0.135716,3.883
1,97,1,98,1.44637,1.02237,0.0257276,0.00119345,0.397082,0.0601019
1,96,1,93,1.27837,0.872319,0.0231341,0.00114112,0.381781,0.0850686
1,95,1,100,1.3863,0.924626,0.0246731,0.0012182,0.435781,0.0168405
1,94,0,200,2.88375,2.06052,0.0535031,0.00238204,0.767346,0.429872
1,93,1,104,1.54043,1.08678,0.0275726,0.00127322,0.424803,0.0947589
1,92,1,102,1.42376,0.961624,0.0262288,0.0012428,0.434668,0.0990132
1,91,1,96,1.26754,0.823852,0.0210299,0.0011655,0.421491,0.0637965
1,90,1,92,1.32586,0.91021,0.0245018,0.00111784,0.390025,0.0974731
1,89,1,82,1.25628,0.893366,0.0230218,0.000983182,0.338905,0.0807781
1,88,0,200,2.76585,1.92372,0.0498118,0.00239751,0.789921,0.44825
1,87,0,200,3.04571,2.16371,0.0559154,0.00238372,0.823705,0.317006
1,86,1,95,1.36757,0.921055,0.0250395,0.00115705,0.420315,0.091133
1,85,1,86,1.2014,0.816053,0.0221954,0.00104901,0.362106,0.0993416
1,84,1,106,1.50088,1.02039,0.0264861,0.00129253,0.452707,0.0966688
1,83,1,97,1.42591,0.970173,0.0247244,0.00117479,0.429836,0.0899374
1,82,1,91,1.32347,0.905404,0.0252132,0.0011058,0.391746,0.0669595
1,81,1,102,1.50326,0.989222,0.025675,0.00121249,0.487147,0.0928848
1,80,1,117,1.64768,1.13251,0.0305761,0.00142595,0.483165,0.0935363
1,79,0,200,2.73729,1.89024,0.048829,0.00239216,0.795833,0.541481
1,78,1,99,1.4004,0.935984,0.0240211,0.00120475,0.439189,0.0153127
1,77,1,99,1.39012,0.958515,0.0267931,0.00121865,0.403594,0.0650007
1,76,0,200,2.70212,1.86317,0.0481681,0.00241666,0.78836,0.410772
1,75,1,100,1.51101,1.05163,0.026878,0.00120739,0.431288,0.0729064
1,74,1,87,1.25251,0.86948,0.0234493,0.00106546,0.358516,0.0922929
1,73,1,98,1.37655,0.900184,0.0243728,0.00119458,0.450796,0.0971902
1,72,0,200,2.89555,2.05655,0.0528624,0.00240945,0.783731,0.553066
1,71,0,200,2.91148,2.06659,0.0533863,0.00239976,0.789107,0.427147
1,70,1,113,1.6406,1.11712,0.0287294,0.00137731,0.493376,0.0995611
1,69,1,101,1.37086,0.909085,0.0246855,0.00124261,0.435849,0.0919986
1,68,1,101,1.51134,1.06218,0.0277567,0.00122473,0.420179,0.0839119
1,67,1,97,1.44345,1.01388,0.0261026,0.0011799,0.402286,0.0991571
1,66,1,99,1.4367,0.977253,0.0263939,0.00121668,0.431839,0.063475
1,65,0,200,2.82956,1.97532,0.0509342,0.00239507,0.800912,0.538432
1,64,0,200,2.68863,1.83123,0.0472546,0.00241237,0.807737,0.489338
1,63,1,79,1.19023,0.833997,0.021072,0.000989078,0.334168,0.0764071
1,62,1,102,1.4001,0.928,0.0244949,0.00126551,0.446343,0.0974154
1,61,1,122,1.81873,1.28614,0.032628,0.00146952,0.498497,0.0918023
1,60,1,99,1.44889,1.01212,0.0268911,0.00121594,0.408666,0.0891072
1,59,1,97,1.32203,0.892624,0.0232194,0.0011809,0.405004,0.093882
1,58,1,94,1.22134,0.778643,0.0209506,0.00115509,0.420591,0.0794436
1,57,1,97,1.36322,0.937723,0.0247419,0.00119382,0.399558,0.0665925
1,56,1,106,1.50846,1.04007,0.0284779,0.00130468,0.438616,0.0434269
1,55,1,109,1.55261,1.07265,0.0288884,0.00132385,0.449744,0.0157095
1,54,1,109,1.55624,1.07008,0.0283526,0.00133366,0.456476,0.0485801
1,53,1,96,1.34131,0.915457,0.0249903,0.00118306,0.399679,0.0972403
1,52,1,106,1.50577,1.04245,0.0282847,0.00129033,0.433749,0.0772507
1,51,1,89,1.30498,0.90934,0.0311693,0.00108195,0.363385,0.0994929
1,50,1,92,1.41187,0.988609,0.0247206,0.00111286,0.39743,0.0725234
1,49,1,106,1.49274,1.0038,0.0267869,0.00128472,0.460862,0.0620781
1,48,0,17,0.248625,0.145003,0.00391008,0.000222106,0.0994893,4.23147
1,47,1,109,1.57601,1.08092,0.0299597,0.001331,0.463801,0.0487418
1,46,1,90,1.29511,0.904964,0.024694,0.00109649,0.364354,0.0990835
1,45,1,105,1.48426,1.0252,0.028246,0.00127875,0.429537,0.0725236
1,44,1,97,1.29315,0.862779,0.02276,0.00118986,0.406426,0.0519219
1,43,1,102,1.43972,0.984525,0.0260066,0.00125069,0.427938,0.0805383
1,42,1,91,1.38462,0.975352,0.024308,0.00109429,0.383862,0.0617021
1,41,1,108,1.65424,1.15845,0.0285022,0.00127902,0.466018,0.03889
1,40,1,105,1.50622,1.03316,0.0269676,0.00127981,0.444811,0.0487115
1,39,1,102,1.62192,1.15128,0.0262672,0.00124875,0.443127,0.0944561
1,38,0,200,2.52474,1.67516,0.045293,0.00238237,0.801902,0.496793
1,37,1,115,1.59291,1.06449,0.028137,0.00138987,0.49889,0.0650985
1,36,1,106,1.51688,1.04971,0.0280896,0.00128378,0.437801,0.0486442
1,35,1,93,1.29042,0.871496,0.0248502,0.00113734,0.392932,0.0810358
1,34,1,93,1.32901,0.913323,0.0247573,0.00113222,0.3898,0.0958772
1,33,1,95,1.35375,0.932547,0.0244967,0.00115691,0.395546,0.0896989
1,32,1,78,1.14926,0.78803,0.0205084,0.000944069,0.33978,0.0955268
1,31,1,89,1.2471,0.856661,0.0228254,0.00107884,0.366539,0.0723044
1,30,1,97,1.34964,0.920434,0.0247068,0.00117726,0.40332,0.0943392
1,29,0,200,2.92692,2.06526,0.0529774,0.00239426,0.80629,0.5582
1,28,1,89,1.26675,0.865532,0.0237359,0.00109033,0.376392,0.0840552
1,27,1,111,1.5764,1.08828,0.0288631,0.00134425,0.457921,0.074892
1,26,0,200,2.83822,1.99766,0.0550735,0.00239218,0.783099,0.43205
1,25,1,91,1.39405,0.96661,0.0250229,0.00108645,0.401333,0.0917063
1,24,1,87,1.20289,0.768055,0.0201184,0.00105818,0.413658,0.0791144
1,23,1,105,1.48285,1.00789,0.0276032,0.00130141,0.446056,0.0338013
1,22,1,102,1.4355,0.977588,0.0259601,0.00124552,0.430711,0.0642405
1,21,1,91,1.30387,0.886053,0.0229585,0.00111431,0.393747,0.0510144
1,20,1,95,1.37393,0.963097,0.0250598,0.00116806,0.384604,0.0723014
1,19,1,91,1.16899,0.745412,0.0207689,0.00111361,0.401691,0.0707328
1,18,1,111,1.59751,1.12562,0.03027,0.00133663,0.440283,0.0778577
1,17,1,95,1.32375,0.911235,0.0245115,0.00116341,0.386844,0.084887
1,16,1,125,1.71819,1.1258,0.0309087,0.00153504,0.559945,0.0821217
1,15,1,111,1.61296,1.12433,0.0302918,0.00132497,0.457012,0.0781553
1,14,1,92,1.22317,0.805447,0.0223642,0.00112732,0.394233,0.0903489
1,13,1,107,1.48611,1.00917,0.026961,0.00131844,0.448653,0.0875135
1,12,0,23,0.312194,0.165987,0.00484887,0.000289657,0.141069,4.21511
1,11,1,110,1.59399,1.11527,0.028973,0.00133849,0.4484,0.0874964
1,10,1,95,1.36576,0.907912,0.0320561,0.00115394,0.424637,0.0925594
1,9,1,93,1.34505,0.943241,0.0252066,0.00113348,0.375468,0.0820988
1,8,1,104,1.49281,1.02222,0.0267393,0.00126617,0.442588,0.0612649
1,7,1,112,1.56185,1.0757,0.028328,0.00134732,0.456466,0.081011
1,6,1,106,1.49414,1.03652,0.0290337,0.00127956,0.4273,0.0958711
1,5,0,200,2.95001,2.10288,0.0530824,0.00236724,0.79168,0.445302
1,4,1,103,1.44137,0.981157,0.0265778,0.00125674,0.432375,0.0827747
1,3,1,88,1.23696,0.837906,0.0226172,0.00107215,0.375366,0.0799071
1,2,1,82,1.14831,0.779156,0.0209534,0.00100278,0.347198,0.0674971
1,1,1,103,1.43041,0.965788,0.0255418,0.00123426,0.437847,0.0835391
1,0,1,100,1.44272,1.00178,0.0262709,0.00121184,0.413452,0.0658503
