Iter,q_0,q_1,q_2,q_3,q_4,q_5,err
0,-0.075,-0.075,-0.075,-0.0172123,-0.0567184,0.0376755,1.65071
1,0,0,-0.0910939,0.0194129,0.00349374,0.0672532,1.575
2,0.075,-0.075,-0.0160939,-0.0606687,0.103494,0.148252,1.50985
3,0.0261528,-0.0819105,-0.038249,-0.0708817,0.0938254,0.163815,1.56037
4,-0.0488472,-0.00691049,0.0360652,-0.147246,0.0899444,0.22955,1.64531
5,-0.0188305,-0.00699785,-0.0111657,-0.104415,0.0658838,0.298989,1.62226
6,-0.0938305,-0.00208231,-0.0861657,-0.204415,0.103976,0.324208,1.71351
7,-0.0469526,-0.0223259,-0.0533838,-0.203944,0.0315818,0.2324,1.64835
8,0.0280474,0.0526741,-0.128384,-0.188735,-0.0519959,0.1324,1.5669
9,-0.0469526,0.0218183,-0.178633,-0.167552,0.018732,0.0324001,1.63676
10,-0.0461038,0.0968183,-0.132508,-0.0858995,0.0758954,0.0123938,1.62929
11,-0.121104,0.0218183,-0.207508,-0.0450966,0.0739658,-0.0702589,1.70836
12,-0.159176,-0.0198805,-0.132508,-0.0641474,0.070122,-0.170259,1.74607
13,-0.205012,0.0551195,-0.0575084,0.00666005,0.105478,-0.0976165,1.78341
14,-0.193869,-0.0198805,-0.101532,-0.00336846,0.136369,-0.0600264,1.77397
15,-0.118869,0.0288719,-0.168804,-0.0401587,0.155327,-0.0819875,1.70785
16,-0.193869,0.103872,-0.0938036,-0.0644038,0.156966,-0.0694154,1.77967
17,-0.118869,0.0473734,-0.110039,-0.0496739,0.197555,-0.0664464,1.70741
18,-0.185813,0.109291,-0.185039,0.0261326,0.162355,-0.135308,1.78247
19,-0.179162,0.14202,-0.260039,0.0386137,0.122686,-0.039262,1.77995
20,-0.239576,0.0670196,-0.185039,-0.0110608,0.0476527,0.00496189,1.8217
21,-0.227429,-0.00798045,-0.260039,-0.111061,0.00332824,0.0860384,1.82237
22,-0.152429,0.0670196,-0.273805,-0.0110608,0.102474,0.115456,1.75297
23,-0.134451,-0.00798045,-0.299188,-0.0834308,0.0306667,0.0154564,1.73366
24,-0.147784,0.00617845,-0.374188,-0.0606567,0.0645087,0.0968805,1.76375
25,-0.18609,-0.0688216,-0.299501,-0.0388109,0.0188682,0.0909567,1.7864
26,-0.175341,-0.143822,-0.224501,0.0421372,-0.0416616,0.125429,1.77181
27,-0.100341,-0.0989683,-0.265167,-0.00989792,-0.134926,0.0558922,1.70124
28,-0.138939,-0.116839,-0.340167,-0.0843652,-0.0869801,0.015932,1.75143
29,-0.118709,-0.160715,-0.294794,-0.00294249,-0.0947286,0.0365409,1.72554
30,-0.0616341,-0.235715,-0.343581,-0.0142077,-0.0579025,0.0126804,1.68587
31,-0.136634,-0.167765,-0.268581,-0.0229001,-0.04453,0.08467,1.73933
32,-0.169151,-0.242765,-0.343581,0.0418511,-0.137014,0.017174,1.79589
33,-0.144313,-0.195212,-0.268581,-0.0464881,-0.133373,-0.0492708,1.75335
34,-0.0693125,-0.270212,-0.193581,-0.137776,-0.214447,-0.0725902,1.69431
35,-0.00425796,-0.345212,-0.268581,-0.109011,-0.188538,-0.10232,1.65227
36,-0.079258,-0.420212,-0.25934,-0.0926036,-0.0885384,-0.0615384,1.72821
37,-0.154258,-0.495212,-0.18434,-0.144682,-0.0807869,-0.104096,1.81475
38,-0.079258,-0.427994,-0.10934,-0.0536457,-0.0136681,-0.179402,1.71845
39,-0.00425796,-0.4787,-0.18434,-0.0429851,-0.0309805,-0.130836,1.66249
40,-0.0140346,-0.5537,-0.25934,0.0453911,-0.0731221,-0.0897615,1.70323
41,-0.0890346,-0.625224,-0.194104,-0.00735728,-0.0715767,-0.0362802,1.78609
42,-0.0725035,-0.550224,-0.245256,-0.0291862,-0.00423465,-0.130379,1.75533
43,-0.110337,-0.625224,-0.170256,0.0452467,-0.0661291,-0.135926,1.80859
44,-0.156048,-0.652923,-0.207169,0.00165366,-0.0658552,-0.0910936,1.86114
45,-0.0857725,-0.60845,-0.192469,0.101654,0.0173323,-0.141962,1.78389
46,-0.150463,-0.68345,-0.181478,0.186532,0.0327258,-0.100381,1.87316
47,-0.182108,-0.75845,-0.106478,0.102871,0.0817388,-0.00038111,1.91743
48,-0.227552,-0.68345,-0.0582616,0.188874,0.129056,0.0996189,1.94083
49,-0.22795,-0.75845,-0.133262,0.206372,0.029056,0.141779,1.97282
50,-0.15295,-0.83345,-0.0582616,0.106372,0.123868,0.07666,1.92402
51,-0.135274,-0.75845,-0.133262,0.144248,0.163787,0.0218736,1.88462
52,-0.136165,-0.739593,-0.146377,0.0771661,0.137058,0.0696696,1.87396
53,-0.211165,-0.716606,-0.221377,0.0812083,0.0897268,0.125502,1.94121
54,-0.144101,-0.791606,-0.273411,0.121291,0.103624,0.14187,1.92038
55,-0.0691012,-0.716606,-0.198411,0.117168,0.00845774,0.0418701,1.80491
56,-0.133039,-0.691666,-0.22108,0.118698,-0.011698,-0.0445312,1.85649
57,-0.0580392,-0.67903,-0.29608,0.112253,0.046056,0.0314779,1.79376
58,-0.0627756,-0.75403,-0.256593,0.0251329,0.0236982,0.0936681,1.82014
59,-0.0240282,-0.687676,-0.331593,0.0917737,0.106446,-0.00633188,1.77373
60,0.0509718,-0.612676,-0.374998,0.191774,0.111025,-0.043171,1.69612
61,0.037003,-0.64441,-0.331124,0.144646,0.107566,-0.00619662,1.70586
62,-0.037997,-0.71941,-0.256124,0.127932,0.135207,-0.0891443,1.79275
63,-0.0185526,-0.64441,-0.232202,0.0733054,0.132235,-0.107154,1.74056
64,-0.0935526,-0.56941,-0.157202,-0.0144269,0.108317,-0.194481,1.7801
65,-0.150118,-0.49441,-0.100448,-0.114427,0.071464,-0.109921,1.80177
66,-0.0985308,-0.514416,-0.0919859,-0.127099,0.0628749,-0.118862,1.75897
67,-0.134572,-0.439416,-0.166986,-0.191215,0.0455552,-0.218862,1.79326
68,-0.209572,-0.514416,-0.235741,-0.241469,0.0382867,-0.181455,1.89278
69,-0.148624,-0.566132,-0.160741,-0.176466,0.109356,-0.0918793,1.83147
70,-0.0736244,-0.506423,-0.163768,-0.230662,0.00935572,-0.0127356,1.74381
71,-0.0246388,-0.531147,-0.20347,-0.140152,-0.0776254,0.0108133,1.70139
72,-0.00900439,-0.606147,-0.27847,-0.0686781,-0.142912,-0.0266069,1.72238
73,-0.0840044,-0.531147,-0.20347,-0.0310252,-0.131022,-0.0116135,1.75503
74,-0.00900439,-0.51437,-0.12847,-0.0225632,-0.115659,0.0463162,1.67119
75,0.000459791,-0.503434,-0.193607,-0.00829168,-0.215659,0.0747974,1.67602
76,0.0754598,-0.544351,-0.118607,-0.040156,-0.209494,0.0712271,1.61152
77,0.0165374,-0.469351,-0.129749,0.0234816,-0.210056,0.128313,1.64742
78,-0.0285321,-0.401528,-0.125452,-0.0765184,-0.110056,0.112276,1.66295
79,-0.0396918,-0.326528,-0.0977627,-0.112528,-0.136274,0.130982,1.66079
80,-0.0272915,-0.341809,-0.0227627,-0.0875229,-0.0362736,0.1107,1.64087
81,-0.102291,-0.276804,-0.0977627,-0.112091,-0.0231915,0.10872,1.70597
82,-0.177291,-0.201804,-0.172763,-0.178005,-0.00521649,0.0194238,1.77721
83,-0.114213,-0.126804,-0.160673,-0.0780053,-0.0806133,0.00667596,1.70111
84,-0.141593,-0.201804,-0.224484,-0.0429206,0.0193867,0.00953398,1.73946
85,-0.0665931,-0.228072,-0.274059,-0.0312606,-0.0658017,0.0587583,1.67837
86,-0.0468947,-0.303072,-0.199059,-0.111718,0.0121685,0.0486124,1.66235
87,-0.0666737,-0.360243,-0.274059,-0.136449,0.0650759,-0.0513876,1.70637
88,-0.128207,-0.383557,-0.199994,-0.154433,0.165076,0.0486124,1.76839
89,-0.174424,-0.458557,-0.12825,-0.0965715,0.100421,0.0800533,1.81613
90,-0.185154,-0.474191,-0.140296,-0.137355,0.0376569,0.0523859,1.83055
91,-0.241074,-0.420458,-0.14451,-0.181631,0.124674,0.152386,1.88475
92,-0.166074,-0.405243,-0.21951,-0.230974,0.0359729,0.220586,1.82549
93,-0.198289,-0.430553,-0.204819,-0.223695,0.0736738,0.166622,1.85478
94,-0.123289,-0.432311,-0.279819,-0.227498,0.0196376,0.195449,1.79596
95,-0.0915432,-0.507311,-0.354819,-0.193672,-0.0746804,0.263776,1.80535
96,-0.103899,-0.432311,-0.364302,-0.290458,-0.0763688,0.239169,1.80876
97,-0.13418,-0.507311,-0.289302,-0.32452,-0.0280967,0.196196,1.8419
98,-0.168919,-0.582311,-0.364302,-0.362453,-0.128097,0.110398,1.91269
99,-0.105092,-0.528117,-0.439302,-0.319773,-0.141367,0.139925,1.84995
100,-0.0300919,-0.582547,-0.454198,-0.269378,-0.188733,0.11947,1.79749
101,-0.0931758,-0.569064,-0.379198,-0.169378,-0.232364,0.116937,1.82559
102,-0.110344,-0.635306,-0.336512,-0.269378,-0.207419,0.0169373,1.85983
103,-0.151572,-0.652444,-0.320906,-0.293536,-0.297273,0.0732837,1.91706
104,-0.0770996,-0.606319,-0.284112,-0.233248,-0.317334,0.065552,1.82299
105,-0.0020996,-0.531319,-0.209112,-0.133248,-0.284109,0.00516158,1.70251
106,-0.057715,-0.456319,-0.205755,-0.157588,-0.267712,0.0150066,1.73186
107,0.017285,-0.531319,-0.280755,-0.224891,-0.281701,-0.0555536,1.70515
108,-0.0168739,-0.565008,-0.315453,-0.200031,-0.25986,-0.155554,1.75248
109,0.0135993,-0.640008,-0.241196,-0.27595,-0.246116,-0.0614628,1.74159
110,-0.0231418,-0.618052,-0.255216,-0.219797,-0.16605,-0.0592732,1.75133
111,-0.0981418,-0.693008,-0.180216,-0.274568,-0.150011,-0.100431,1.84555
112,-0.173142,-0.69327,-0.194623,-0.267525,-0.176812,-0.126188,1.91796
113,-0.0981418,-0.76827,-0.269623,-0.227597,-0.184336,-0.0867362,1.88191
114,-0.154649,-0.729038,-0.250048,-0.127597,-0.142362,-0.103735,1.90223
115,-0.174335,-0.804038,-0.175048,-0.027597,-0.233575,-0.0625042,1.94469
116,-0.159749,-0.879038,-0.127187,0.00631121,-0.279433,0.00994328,1.96517
117,-0.196471,-0.954038,-0.202187,0.0764752,-0.233859,-0.00640926,2.03344
118,-0.271471,-1.02904,-0.180492,0.0745199,-0.133859,-0.0483184,2.12397
119,-0.223525,-1.04559,-0.210715,0.021149,-0.061703,-0.0988705,2.09076
120,-0.218466,-0.988642,-0.285715,0.00990278,-0.161703,-0.104868,2.0731
121,-0.143466,-1.00582,-0.282214,-0.0900972,-0.142363,-0.183999,2.02293
122,-0.107347,-1.00843,-0.250489,-0.00314426,-0.1091,-0.27354,1.99564
123,-0.0323474,-1.08343,-0.189959,0.0968557,-0.0610228,-0.273882,1.96674
124,0.00221546,-1.15843,-0.198025,0.154947,0.0250269,-0.198787,1.9763
125,0.00289225,-1.20218,-0.17284,0.232915,0.0847385,-0.191352,2.00786
126,0.0778923,-1.12718,-0.127385,0.246053,0.0465361,-0.23532,1.9062
127,0.0571598,-1.20218,-0.202385,0.292816,-0.0534639,-0.273649,1.98514
128,-0.0178402,-1.26562,-0.127385,0.232694,-0.142227,-0.373649,2.08705
129,-0.0872575,-1.34062,-0.201541,0.18028,-0.0951253,-0.473649,2.20294
130,-0.0122575,-1.36203,-0.180384,0.150863,-0.144095,-0.573649,2.18319
131,-0.0872575,-1.43703,-0.255384,0.250863,-0.135189,-0.530804,2.28963
132,-0.0798518,-1.51203,-0.180384,0.231158,-0.0351886,-0.518952,2.31677
133,-0.00485179,-1.46481,-0.105384,0.131158,-0.0244235,-0.517305,2.2192
134,-0.000190623,-1.48101,-0.16426,0.0369529,0.0755765,-0.531211,2.23106
135,0.0657435,-1.55589,-0.0892604,0.0480463,0.147677,-0.630493,2.26176
136,-0.00925649,-1.50091,-0.070809,0.148046,0.16324,-0.640921,2.28335
137,0.0657435,-1.42591,-0.145809,0.146137,0.0936065,-0.669883,2.19056
138,0.0319165,-1.35091,-0.182506,0.0461366,-0.00639347,-0.621217,2.14814
139,0.019071,-1.34014,-0.254476,0.0836597,-0.0667222,-0.702065,2.1847
140,-0.0495993,-1.41514,-0.179476,0.104759,0.0332778,-0.635025,2.25296
141,-0.0235123,-1.49014,-0.104476,0.00475882,0.129296,-0.591239,2.26706
142,-0.0522048,-1.41514,-0.179476,-0.0908718,0.138203,-0.548687,2.23548
143,-0.0532722,-1.34014,-0.243845,-0.148223,0.0434511,-0.448687,2.17214
144,-0.0824668,-1.41514,-0.263068,-0.0883682,-0.00879141,-0.458684,2.24129
145,-0.104781,-1.38346,-0.271224,-0.182106,-0.108791,-0.553682,2.26862
146,-0.179781,-1.30846,-0.196224,-0.215143,-0.0874919,-0.50552,2.26376
147,-0.151926,-1.23346,-0.271224,-0.291719,-0.0717553,-0.464075,2.20644
148,-0.125497,-1.25244,-0.30605,-0.345449,-0.0809174,-0.374111,2.19215
149,-0.200497,-1.32744,-0.373684,-0.427297,-0.111048,-0.38596,2.32015
150,-0.275497,-1.39771,-0.298684,-0.476329,-0.2015,-0.433253,2.43039
151,-0.246745,-1.46693,-0.223684,-0.548297,-0.242865,-0.432133,2.46003
152,-0.171745,-1.54193,-0.163812,-0.550394,-0.329364,-0.532133,2.47698
153,-0.143887,-1.51928,-0.185231,-0.492616,-0.328874,-0.514957,2.42872
154,-0.0998625,-1.54387,-0.225554,-0.448381,-0.237592,-0.518801,2.39837
155,-0.174861,-1.59127,-0.30055,-0.357719,-0.291191,-0.555662,2.48823
156,-0.099861,-1.66627,-0.361642,-0.427167,-0.239233,-0.523314,2.49237
157,-0.0827421,-1.70856,-0.436642,-0.385436,-0.318165,-0.623314,2.54604
158,-0.00774213,-1.78356,-0.382016,-0.285436,-0.303062,-0.623806,2.52612
159,-0.0544073,-1.75456,-0.376471,-0.185436,-0.366901,-0.695485,2.55229
160,-0.00948505,-1.7664,-0.417947,-0.268497,-0.360334,-0.604331,2.52176
161,0.0452353,-1.81855,-0.388888,-0.319142,-0.333424,-0.537363,2.50749
162,0.0138102,-1.83979,-0.350397,-0.350669,-0.320477,-0.485999,2.52857
163,0.0489664,-1.8448,-0.328872,-0.328137,-0.275754,-0.414362,2.48653
164,0.0823913,-1.7698,-0.253872,-0.253886,-0.375754,-0.314362,2.39092
165,0.147631,-1.71185,-0.178872,-0.241172,-0.472218,-0.338495,2.32025
166,0.121033,-1.71584,-0.230526,-0.236923,-0.572044,-0.373502,2.37106
167,0.0685042,-1.79084,-0.267669,-0.163873,-0.489395,-0.336381,2.43211
168,0.133325,-1.85788,-0.342669,-0.133636,-0.405016,-0.311012,2.43189
169,0.143006,-1.93288,-0.409798,-0.10314,-0.366521,-0.338703,2.49043
170,0.199413,-2.00788,-0.484798,-0.132566,-0.323156,-0.313073,2.52336
171,0.274413,-2.05248,-0.46309,-0.0740425,-0.315271,-0.398414,2.52416
172,0.279757,-2.12748,-0.439641,0.0257055,-0.406685,-0.341461,2.58242
173,0.23345,-2.09567,-0.408451,-0.00847214,-0.314783,-0.340562,2.5617
174,0.276575,-2.02067,-0.356946,-0.0887192,-0.414783,-0.418412,2.4981
175,0.351575,-2.09567,-0.302184,-0.126469,-0.477674,-0.331884,2.51475
176,0.385645,-2.11897,-0.227184,-0.0337796,-0.467498,-0.272431,2.49803
177,0.401063,-2.19397,-0.302184,-0.0185348,-0.543059,-0.172431,2.56867
178,0.38228,-2.11897,-0.227184,0.0786098,-0.643059,-0.208018,2.53322
179,0.44336,-2.11452,-0.217537,0.11897,-0.543059,-0.272863,2.48458
180,0.36836,-2.04524,-0.292537,0.182205,-0.443059,-0.368529,2.46572
181,0.29336,-2.03963,-0.217537,0.0822054,-0.395657,-0.327364,2.47179
182,0.21836,-2.11463,-0.292537,0.13045,-0.369947,-0.271739,2.57178
183,0.271725,-2.06527,-0.367537,0.106801,-0.383789,-0.367937,2.52628
184,0.346725,-2.0132,-0.292537,0.146678,-0.483789,-0.467937,2.47213
185,0.421725,-2.0882,-0.367537,0.0466781,-0.439501,-0.443619,2.49162
186,0.464845,-2.15419,-0.442537,-0.0505388,-0.421562,-0.430718,2.53481
187,0.539845,-2.1099,-0.517537,0.00968823,-0.384103,-0.353611,2.4607
188,0.533779,-2.1849,-0.451582,-0.0364367,-0.336162,-0.253611,2.49635
189,0.458779,-2.2599,-0.526582,-0.0816081,-0.348785,-0.285272,2.61356
190,0.533779,-2.1849,-0.531814,-0.178083,-0.248785,-0.270982,2.50979
191,0.553754,-2.1099,-0.521317,-0.278083,-0.249957,-0.244765,2.44081
192,0.628754,-2.0349,-0.53746,-0.27581,-0.2959,-0.255177,2.35496
193,0.553754,-2.1099,-0.471143,-0.258965,-0.306418,-0.281495,2.4389
194,0.628754,-2.1849,-0.546143,-0.341275,-0.270286,-0.369753,2.50714
195,0.583312,-2.1099,-0.471143,-0.241379,-0.344342,-0.41645,2.44929
196,0.627583,-2.07824,-0.476792,-0.267863,-0.304933,-0.368342,2.39509
197,0.649806,-2.15324,-0.505595,-0.33128,-0.333469,-0.33855,2.46493
198,0.724806,-2.22824,-0.430595,-0.272241,-0.292341,-0.43855,2.49361
199,0.649806,-2.15324,-0.41379,-0.251704,-0.277833,-0.33855,2.43127
200,0.670004,-2.12034,-0.48879,-0.174154,-0.242999,-0.37565,2.40347
201,0.643171,-2.19534,-0.440882,-0.150824,-0.204164,-0.292861,2.4545
202,0.651114,-2.14031,-0.365882,-0.15545,-0.113976,-0.192861,2.3738
203,0.716464,-2.21531,-0.353705,-0.0796601,-0.174177,-0.139328,2.41219
204,0.764261,-2.16866,-0.287642,-0.0906613,-0.25095,-0.070429,2.34787
205,0.839261,-2.09366,-0.212642,-0.190661,-0.24336,-0.101903,2.25161
206,0.914261,-2.01866,-0.168475,-0.0906613,-0.34336,-0.0648769,2.1598
207,0.989261,-2.09366,-0.243475,-0.0662597,-0.327891,-0.092154,2.21388
208,0.914261,-2.11799,-0.318475,0.0126257,-0.411156,-0.027773,2.27779
209,0.942565,-2.17305,-0.243887,-0.00486421,-0.436196,-0.0771017,2.31788
210,0.895908,-2.10829,-0.318887,-0.0322786,-0.457018,-0.036945,2.28327
211,0.839263,-2.09152,-0.309549,-0.103512,-0.461044,0.0246672,2.28677
212,0.903511,-2.01652,-0.235384,-0.0538993,-0.456648,-0.0507826,2.18656
213,0.828511,-1.94152,-0.25339,0.0322749,-0.515678,0.0435742,2.15721
214,0.869705,-1.91101,-0.32839,-0.0449072,-0.549711,0.105127,2.13695
215,0.944705,-1.9619,-0.27548,-0.071466,-0.476289,0.131685,2.13687
216,0.990653,-2.0369,-0.20048,-0.0306225,-0.552341,0.0997929,2.20039
217,1.00978,-2.1119,-0.12548,-0.0256119,-0.642462,0.179401,2.28828
218,1.08478,-2.0369,-0.20048,-0.0800566,-0.742462,0.231599,2.24425
219,1.00978,-1.97103,-0.12548,-0.14774,-0.84094,0.17181,2.23024
220,1.08478,-2.04603,-0.160406,-0.162444,-0.805793,0.0718103,2.26474
221,1.00978,-2.03753,-0.235406,-0.0624442,-0.760985,0.0577933,2.26009
222,1.0333,-1.96253,-0.265514,0.0375558,-0.736885,0.0550722,2.18137
223,1.1083,-2.03753,-0.26139,-0.0184133,-0.70325,0.131281,2.22393
224,1.1082,-2.06921,-0.308343,0.0410668,-0.610585,0.21996,2.2391
225,1.1832,-2.10176,-0.383343,0.0748567,-0.703499,0.12644,2.28716
226,1.2582,-2.1236,-0.308343,0.174857,-0.603499,0.137639,2.2619
227,1.3332,-2.12319,-0.233343,0.0829714,-0.667236,0.211249,2.26176
228,1.2582,-2.19819,-0.275349,0.0878632,-0.567236,0.223912,2.3206
229,1.27261,-2.18994,-0.281249,0.0199729,-0.542538,0.136878,2.29725
230,1.27432,-2.2002,-0.257173,-0.0697574,-0.464531,0.0550188,2.28442
231,1.34932,-2.1252,-0.205168,-0.0825958,-0.479739,0.155019,2.20649
232,1.38589,-2.0502,-0.280168,-0.00385923,-0.487214,0.253937,2.14892
233,1.37629,-1.9752,-0.251493,-0.103859,-0.420433,0.339486,2.07492
234,1.30129,-1.9002,-0.325273,-0.152975,-0.435265,0.316683,2.02542
235,1.37629,-1.8252,-0.400273,-0.177928,-0.418955,0.36909,1.96794
236,1.45129,-1.83547,-0.391795,-0.174593,-0.435822,0.278159,1.9582
237,1.51875,-1.77697,-0.382989,-0.111589,-0.447318,0.234256,1.89062
238,1.5002,-1.75768,-0.411826,-0.125743,-0.53774,0.211488,1.90098
239,1.46128,-1.72365,-0.486826,-0.190331,-0.599998,0.285127,1.92288
240,1.44403,-1.64865,-0.464124,-0.124637,-0.499998,0.254471,1.81102
241,1.39442,-1.67659,-0.50386,-0.198794,-0.49573,0.184976,1.84808
242,1.45356,-1.75159,-0.518725,-0.276854,-0.484579,0.0866014,1.91568
243,1.47013,-1.67659,-0.520381,-0.275631,-0.462961,0.0434274,1.83958
244,1.45522,-1.75159,-0.445381,-0.264367,-0.441325,0.00230669,1.88267
245,1.51926,-1.82659,-0.370381,-0.274431,-0.345518,-0.0482179,1.91658
246,1.59426,-1.90159,-0.295381,-0.26607,-0.403852,0.0517821,1.98504
247,1.56725,-1.9648,-0.220381,-0.36607,-0.337487,0.0464516,2.03938
248,1.49225,-1.8898,-0.145381,-0.383366,-0.286254,0.00765122,1.95643
249,1.41725,-1.9648,-0.166596,-0.360676,-0.246051,-0.0160444,2.0255
250,1.38523,-2.0398,-0.196351,-0.408109,-0.297025,0.0839556,2.12028
251,1.31023,-2.06677,-0.160064,-0.351701,-0.22053,0.014666,2.13017
252,1.35532,-2.14177,-0.184067,-0.313729,-0.259938,-0.0317387,2.19875
253,1.42317,-2.07034,-0.109067,-0.227946,-0.193533,-0.107823,2.10263
254,1.35764,-1.99534,-0.0340672,-0.19465,-0.0959629,-0.130551,2.0229
255,1.28264,-1.92733,0.0409328,-0.211436,-0.122165,-0.125828,1.96844
256,1.20764,-1.85233,0.0650993,-0.236803,-0.222165,-0.168535,1.92382
257,1.28264,-1.92733,-0.00990071,-0.288306,-0.196336,-0.241716,1.99445
258,1.31559,-1.9633,0.0258728,-0.367189,-0.0963355,-0.256279,2.03227
259,1.39059,-1.96038,0.100873,-0.334783,-0.0160419,-0.158467,2.00579
260,1.46559,-1.99577,0.154163,-0.391536,-0.00157662,-0.203529,2.05248
261,1.54059,-2.07077,0.229163,-0.368425,0.0717326,-0.275858,2.13506
262,1.61559,-2.01393,0.237241,-0.417331,0.0397009,-0.328161,2.09706
263,1.69059,-1.93893,0.281635,-0.400607,0.0470256,-0.343849,2.03324
264,1.76559,-1.86393,0.206635,-0.343348,0.147026,-0.358679,1.95526
265,1.72186,-1.78893,0.234109,-0.28627,0.0827262,-0.316197,1.8619
266,1.67577,-1.71393,0.164567,-0.355381,0.139798,-0.343926,1.79994
267,1.70259,-1.65633,0.239567,-0.315063,0.116544,-0.358621,1.74919
268,1.62759,-1.58133,0.176421,-0.313441,0.14295,-0.379721,1.67267
269,1.55259,-1.59836,0.188505,-0.25247,0.057588,-0.338063,1.66492
270,1.6204,-1.63976,0.263505,-0.233093,0.0537775,-0.429987,1.73287
271,1.5454,-1.71476,0.306049,-0.162628,0.0711878,-0.490367,1.81843
272,1.51281,-1.78976,0.381049,-0.211148,-0.00741505,-0.54036,1.92053
273,1.53313,-1.86476,0.306049,-0.233568,-0.00586655,-0.623755,2.00402
274,1.45813,-1.78976,0.301873,-0.322329,-0.0031092,-0.577551,1.93508
275,1.52606,-1.71476,0.340928,-0.411595,0.0968908,-0.582319,1.89118
276,1.51471,-1.63976,0.415928,-0.424049,0.0365767,-0.482319,1.81073
277,1.43971,-1.60176,0.340928,-0.491081,0.123675,-0.440018,1.77458
278,1.46602,-1.52676,0.412257,-0.448554,0.0629998,-0.340018,1.68307
279,1.398,-1.60176,0.487257,-0.505379,-0.027446,-0.379499,1.79808
280,1.43389,-1.52676,0.412257,-0.456271,-0.0443572,-0.389394,1.69749
281,1.50889,-1.56227,0.337257,-0.482057,-0.0508475,-0.435522,1.72711
282,1.55176,-1.53246,0.3,-0.570814,-0.142053,-0.389655,1.71366
283,1.62676,-1.56678,0.375,-0.670814,-0.156957,-0.427919,1.80452
284,1.55176,-1.64178,0.437397,-0.714352,-0.098863,-0.479198,1.90705
285,1.59293,-1.715,0.512397,-0.614352,-0.0529045,-0.452842,1.94668
286,1.55251,-1.64,0.587397,-0.534402,0.0470955,-0.396449,1.86546
287,1.62751,-1.565,0.571369,-0.569611,-0.0529045,-0.469891,1.82399
288,1.55659,-1.49233,0.496369,-0.469611,-0.14024,-0.369891,1.68839
289,1.63159,-1.56733,0.568015,-0.473244,-0.173032,-0.469891,1.80487
290,1.70659,-1.49233,0.554671,-0.568584,-0.187009,-0.501736,1.77852
291,1.63583,-1.41733,0.560631,-0.481617,-0.10879,-0.555435,1.69695
292,1.71083,-1.35795,0.594485,-0.48165,-0.190369,-0.53727,1.66551
293,1.72665,-1.4143,0.579604,-0.480261,-0.134679,-0.484593,1.68645
294,1.68456,-1.4893,0.654604,-0.540467,-0.0921593,-0.395767,1.76542
295,1.72926,-1.5643,0.729604,-0.635533,-0.0622044,-0.295767,1.87075
296,1.71491,-1.4893,0.654604,-0.613822,-0.0987679,-0.395767,1.79178
297,1.67834,-1.41903,0.588076,-0.684625,-0.0498621,-0.310708,1.71429
298,1.65267,-1.49403,0.513076,-0.595634,-0.132837,-0.221424,1.70984
299,1.65692,-1.56903,0.438076,-0.67209,-0.15284,-0.253635,1.78902
300,1.58192,-1.55048,0.363076,-0.609221,-0.112074,-0.225793,1.72355
301,1.53164,-1.47548,0.425183,-0.585482,-0.0120741,-0.28087,1.66768
302,1.55697,-1.44568,0.456564,-0.498001,0.0178117,-0.321165,1.62792
303,1.49576,-1.37068,0.517318,-0.548777,-0.00379643,-0.267462,1.58894
304,1.51008,-1.40108,0.442318,-0.474051,-0.0638506,-0.327119,1.58056
305,1.47078,-1.36647,0.470644,-0.411816,-0.139684,-0.321107,1.54627
306,1.53319,-1.29147,0.532536,-0.447706,-0.0774303,-0.402,1.52346
307,1.60819,-1.21647,0.607536,-0.547706,-0.0412694,-0.307691,1.49888
308,1.59622,-1.275,0.682536,-0.594406,-0.127151,-0.212643,1.5833
309,1.67122,-1.2,0.757536,-0.532286,-0.147283,-0.276147,1.55088
310,1.61467,-1.125,0.682536,-0.51223,-0.110848,-0.365745,1.4635
311,1.53967,-1.2,0.607536,-0.56878,-0.0196525,-0.265745,1.48479
312,1.61467,-1.24838,0.532536,-0.474681,-0.0143662,-0.365745,1.48434
313,1.64636,-1.17338,0.52338,-0.374681,-0.0410155,-0.270529,1.3681
314,1.72136,-1.09838,0.59838,-0.325359,-0.115289,-0.317792,1.34436
315,1.68352,-1.10393,0.57938,-0.308782,-0.0628803,-0.370754,1.34306
316,1.68653,-1.09454,0.65438,-0.242597,-0.103286,-0.470754,1.38952
317,1.67171,-1.0456,0.610893,-0.155265,-0.117746,-0.570754,1.35661
318,1.6095,-0.976335,0.535893,-0.230072,-0.205228,-0.579659,1.29343
319,1.6845,-1.05133,0.460895,-0.232885,-0.116546,-0.639319,1.34432
320,1.62997,-0.991093,0.385895,-0.288716,-0.178531,-0.716143,1.32769
321,1.56443,-1.06609,0.333059,-0.388716,-0.154878,-0.63151,1.3496
322,1.63943,-0.991093,0.299521,-0.454327,-0.254878,-0.53151,1.27694
323,1.63625,-0.961743,0.324411,-0.354327,-0.263231,-0.61189,1.26638
324,1.6695,-1.03674,0.351221,-0.447989,-0.285699,-0.54642,1.33747
325,1.63757,-1.11026,0.321892,-0.516259,-0.21082,-0.574844,1.40789
326,1.71257,-1.18526,0.305402,-0.525224,-0.265794,-0.508048,1.45699
327,1.63757,-1.21777,0.230402,-0.425224,-0.170256,-0.443267,1.39528
328,1.71257,-1.26663,0.265948,-0.427686,-0.203273,-0.382017,1.43713
329,1.64864,-1.25029,0.190948,-0.526162,-0.118078,-0.361519,1.42381
330,1.57364,-1.29207,0.265948,-0.605229,-0.0971185,-0.357218,1.49784
331,1.59103,-1.30831,0.340948,-0.536459,-0.197119,-0.342405,1.50739
332,1.64588,-1.2629,0.387595,-0.510419,-0.146053,-0.373919,1.47393
333,1.72088,-1.29397,0.312595,-0.461073,-0.246053,-0.296517,1.46821
334,1.76947,-1.21897,0.280779,-0.498728,-0.185805,-0.196539,1.38783
335,1.83762,-1.28034,0.205779,-0.444591,-0.2732,-0.225195,1.44077
336,1.80887,-1.20534,0.145107,-0.357186,-0.270069,-0.314191,1.35271
337,1.7383,-1.16242,0.220107,-0.418172,-0.360266,-0.262519,1.34212
338,1.67326,-1.1221,0.145107,-0.389464,-0.434878,-0.280656,1.30776
339,1.70893,-1.1971,0.0701069,-0.394105,-0.496135,-0.185972,1.3759
340,1.63437,-1.1221,0.145107,-0.316424,-0.49713,-0.119463,1.28287
341,1.70937,-1.1971,0.0701069,-0.38262,-0.455178,-0.118297,1.35083
342,1.63437,-1.1221,0.120426,-0.465403,-0.427114,-0.120551,1.30047
343,1.64843,-1.1971,0.162789,-0.565403,-0.457673,-0.212492,1.42824
344,1.67186,-1.16539,0.201505,-0.48527,-0.534027,-0.139724,1.39612
345,1.6095,-1.24039,0.131336,-0.500108,-0.489987,-0.140119,1.43775
346,1.56679,-1.31539,0.206336,-0.555295,-0.474232,-0.157022,1.52667
347,1.49179,-1.24039,0.192987,-0.572791,-0.54351,-0.141769,1.49186
348,1.47238,-1.18394,0.117987,-0.533842,-0.44351,-0.137318,1.38775
349,1.48418,-1.25894,0.192987,-0.581921,-0.4593,-0.237318,1.49519
350,1.55918,-1.33394,0.117987,-0.64556,-0.522477,-0.145263,1.58249
351,1.61666,-1.29294,0.0429869,-0.591027,-0.47265,-0.0911416,1.50222
352,1.60333,-1.35842,0.117987,-0.491027,-0.387972,-0.148181,1.50794
353,1.5514,-1.28342,0.0885297,-0.391027,-0.394448,-0.196196,1.41505
354,1.6264,-1.30957,0.16353,-0.322409,-0.369698,-0.162389,1.41838
355,1.69988,-1.23457,0.23853,-0.330198,-0.469698,-0.116546,1.39318
356,1.62488,-1.24796,0.254593,-0.255829,-0.369698,-0.0423611,1.35243
357,1.54988,-1.29021,0.179593,-0.275602,-0.381741,0.0314123,1.38564
358,1.53343,-1.36521,0.254593,-0.276053,-0.281741,-0.0685877,1.44579
359,1.56938,-1.44021,0.329593,-0.218276,-0.354217,-0.000296098,1.53491
360,1.64438,-1.36521,0.301657,-0.2254,-0.318574,-0.100157,1.45689
361,1.71938,-1.44021,0.350271,-0.238987,-0.261953,-0.0820736,1.53344
362,1.68823,-1.51521,0.339638,-0.160566,-0.361953,-0.0684199,1.60825
363,1.63032,-1.44021,0.264638,-0.151312,-0.461953,-0.155277,1.55183
364,1.56626,-1.3968,0.304881,-0.0841421,-0.403003,-0.135729,1.49396
365,1.64126,-1.3218,0.229881,-0.0963632,-0.3503,-0.125809,1.39742
366,1.71626,-1.37299,0.192075,-0.144617,-0.405925,-0.0510032,1.45995
367,1.79126,-1.31213,0.164689,-0.174845,-0.456763,-0.122105,1.43231
368,1.82736,-1.23713,0.208659,-0.274845,-0.556763,-0.0221054,1.42333
369,1.75741,-1.31213,0.133659,-0.232447,-0.589356,0.0778946,1.47709
370,1.73856,-1.23713,0.058659,-0.281287,-0.525497,0.16397,1.39435
371,1.66356,-1.17036,0.0923096,-0.309029,-0.425497,0.182538,1.30259
372,1.61847,-1.14555,0.122029,-0.388978,-0.512575,0.110561,1.32503
373,1.69347,-1.22055,0.12991,-0.330847,-0.550076,0.0410033,1.39119
374,1.76847,-1.14555,0.0649549,-0.366135,-0.56972,-0.0589967,1.34822
375,1.84347,-1.22055,0.109552,-0.466135,-0.549892,-0.0920254,1.4506
376,1.81928,-1.14555,0.113201,-0.513566,-0.554837,-0.153898,1.40788
377,1.84662,-1.07055,0.0399692,-0.509288,-0.629797,-0.165436,1.38099
378,1.867,-1.09899,0.0313721,-0.531141,-0.529797,-0.0654357,1.36513
379,1.79618,-1.02399,-0.0380454,-0.530366,-0.513347,-0.165436,1.29344
380,1.72118,-0.948993,-0.113045,-0.630366,-0.58819,-0.185708,1.30912
381,1.64618,-0.873993,-0.188045,-0.58597,-0.499407,-0.169472,1.19432
382,1.64011,-0.798993,-0.257599,-0.524186,-0.540304,-0.121164,1.13619
383,1.69348,-0.873993,-0.332599,-0.621632,-0.548471,-0.0662021,1.25744
384,1.70352,-0.798993,-0.257599,-0.668904,-0.596804,-0.0181665,1.23543
385,1.74032,-0.723993,-0.200405,-0.690979,-0.670242,-0.00229632,1.23278
386,1.66532,-0.791263,-0.125405,-0.76517,-0.598501,0.0184261,1.26285
387,1.74032,-0.855904,-0.0520516,-0.780046,-0.498501,0.0931917,1.27659
388,1.81532,-0.780904,0.0229484,-0.680046,-0.399816,0.0318069,1.1373
389,1.86542,-0.705904,0.00662333,-0.757387,-0.40293,-0.0681931,1.15143
390,1.80385,-0.719046,-0.00111069,-0.679272,-0.50293,-0.168193,1.14629
391,1.87885,-0.72993,-0.0290382,-0.579272,-0.60293,-0.147907,1.16168
392,1.80385,-0.80493,0.0459619,-0.496908,-0.689177,-0.144841,1.203
393,1.82197,-0.822526,0.120962,-0.596908,-0.706976,-0.0800844,1.27153
394,1.80962,-0.747529,0.195958,-0.696908,-0.69212,-0.00536049,1.27239
395,1.73462,-0.672529,0.270958,-0.765442,-0.651869,-0.0166725,1.25047
396,1.74605,-0.597529,0.247357,-0.773601,-0.557913,0.00807284,1.16565
397,1.82105,-0.584683,0.172357,-0.707606,-0.510054,-0.0295108,1.09358
398,1.77192,-0.600492,0.206375,-0.64791,-0.430531,-0.0483075,1.02524
399,1.80614,-0.525492,0.260461,-0.672239,-0.412635,0.0516925,1.01203
400,1.87263,-0.600492,0.185461,-0.641544,-0.326359,0.0454067,1.00312
401,1.79763,-0.525492,0.260461,-0.57625,-0.286327,-0.0274502,0.900131
402,1.87263,-0.450492,0.335461,-0.609348,-0.245525,-0.0426668,0.916509
403,1.8458,-0.416107,0.266253,-0.509348,-0.150034,-0.0510087,0.777308
404,1.7708,-0.35601,0.263403,-0.494767,-0.0709724,-0.115338,0.706582
405,1.6958,-0.284157,0.188403,-0.579139,-0.0492255,-0.155652,0.702793
406,1.75575,-0.344252,0.113403,-0.500929,-0.149226,-0.0640789,0.665493
407,1.75655,-0.31187,0.155914,-0.414357,-0.120419,-0.121151,0.59745
408,1.68155,-0.23687,0.0884752,-0.31891,-0.216836,-0.110989,0.487074
409,1.66125,-0.31187,0.163473,-0.255991,-0.24536,-0.148379,0.529072
410,1.5863,-0.35999,0.100019,-0.197584,-0.145372,-0.147945,0.471059
411,1.56911,-0.28499,0.175019,-0.199388,-0.175618,-0.189648,0.467351
412,1.56115,-0.35999,0.250019,-0.190416,-0.147353,-0.226878,0.549218
413,1.63559,-0.28627,0.319356,-0.289804,-0.0779444,-0.293534,0.603623
414,1.56059,-0.21127,0.244356,-0.293022,-0.0941889,-0.242042,0.507707
415,1.6264,-0.221328,0.270366,-0.264814,-0.00795578,-0.322087,0.546905
416,1.7014,-0.258047,0.212208,-0.244039,-0.036061,-0.264708,0.509512
417,1.68583,-0.333047,0.137208,-0.299314,0.0328101,-0.230224,0.535395
418,1.61083,-0.395228,0.212208,-0.252408,0.0754046,-0.235392,0.572403
419,1.61577,-0.470228,0.287208,-0.304128,0.11423,-0.135392,0.655362
420,1.68699,-0.395228,0.362208,-0.27557,0.13363,-0.0754536,0.632765
421,1.72769,-0.320228,0.287208,-0.192803,0.0358721,-0.168517,0.525839
422,1.68069,-0.284844,0.314508,-0.212839,-0.051583,-0.268517,0.55874
423,1.75569,-0.359844,0.289681,-0.189725,-0.0453528,-0.221927,0.578699
424,1.77827,-0.434844,0.282472,-0.15604,-0.0594267,-0.244257,0.632033
425,1.81469,-0.359844,0.207472,-0.143182,-0.0748295,-0.231217,0.558194
426,1.73969,-0.284844,0.248689,-0.147468,-0.102976,-0.234566,0.508803
427,1.72631,-0.359844,0.320957,-0.188645,-0.133955,-0.135462,0.573206
428,1.65656,-0.284844,0.395957,-0.20655,-0.0339555,-0.0981781,0.54656
429,1.58156,-0.227194,0.371056,-0.194994,-0.0360001,-0.0641338,0.482542
430,1.60281,-0.152194,0.296056,-0.24312,0.0305909,-0.0725679,0.420887
431,1.52781,-0.14604,0.371056,-0.282136,-0.0693698,0.0273677,0.496004
432,1.59769,-0.22104,0.296056,-0.268365,-0.0993717,0.047323,0.470494
433,1.60269,-0.14604,0.371056,-0.35962,-0.0686258,0.0695117,0.546713
434,1.67769,-0.175661,0.296056,-0.320521,0.016468,0.113925,0.4959
435,1.65867,-0.250661,0.370873,-0.349271,0.000508153,0.0593961,0.577597
436,1.72537,-0.175661,0.353027,-0.335619,-0.00689745,0.00645756,0.540468
437,1.80037,-0.177893,0.347489,-0.337609,0.0931026,0.0464291,0.574369
438,1.73196,-0.252893,0.422489,-0.30704,0.182546,0.114204,0.639582
439,1.71282,-0.327893,0.348683,-0.3309,0.175,0.0149431,0.624185
440,1.72801,-0.252893,0.273683,-0.31694,0.101202,0.0709259,0.528486
441,1.74576,-0.327893,0.348683,-0.300839,0.201202,0.029749,0.625762
442,1.67077,-0.2529,0.281698,-0.363001,0.101202,0.0420533,0.545058
443,1.6938,-0.20645,0.206698,-0.308368,0.148863,0.0206347,0.46707
444,1.7688,-0.28145,0.281698,-0.265929,0.156924,-0.00591318,0.541436
445,1.8201,-0.20645,0.206698,-0.347634,0.177474,-0.00213933,0.547585
446,1.77211,-0.28145,0.147419,-0.408427,0.0774736,-0.0136026,0.56078
447,1.69711,-0.35645,0.141095,-0.353483,0.0864152,0.0735144,0.5484
448,1.76921,-0.33532,0.0660954,-0.253483,-0.0135848,0.0593025,0.473423
449,1.69421,-0.41032,-0.00890463,-0.263239,0.058096,-0.0406975,0.507935
450,1.76921,-0.335718,0.014158,-0.163239,-0.041904,-0.0262021,0.425867
451,1.81573,-0.332254,-0.0136867,-0.108208,-0.141904,0.0208698,0.450393
452,1.8043,-0.401961,0.0613133,-0.12334,-0.170834,-0.00177802,0.51406
453,1.82206,-0.326961,-0.0136867,-0.158191,-0.136555,0.0770564,0.468862
454,1.74706,-0.401961,0.0322978,-0.258191,-0.166081,0.149271,0.556966
455,1.82206,-0.476961,0.096898,-0.248271,-0.259632,0.0492712,0.656877
456,1.89706,-0.435741,0.171898,-0.299609,-0.31264,0.00669676,0.716532
457,1.82206,-0.360741,0.208375,-0.272063,-0.32214,0.0974745,0.651137
458,1.89706,-0.435741,0.133375,-0.272292,-0.385456,0.122079,0.742783
459,1.82206,-0.505811,0.208375,-0.317886,-0.426337,0.143568,0.81598
460,1.74706,-0.5798,0.26092,-0.251005,-0.504707,0.243567,0.901317
461,1.71342,-0.6548,0.18592,-0.271487,-0.510104,0.210431,0.928365
462,1.64228,-0.5798,0.26092,-0.184167,-0.413644,0.252343,0.82344
463,1.57277,-0.6548,0.227369,-0.171501,-0.346355,0.219976,0.823546
464,1.5899,-0.66706,0.302369,-0.185453,-0.246355,0.216296,0.82379
465,1.6649,-0.734137,0.25141,-0.269694,-0.33704,0.175097,0.90995
466,1.73836,-0.809137,0.268079,-0.332575,-0.244107,0.111641,0.968145
467,1.74687,-0.884137,0.342885,-0.262321,-0.295541,0.139331,1.05159
468,1.74598,-0.907034,0.417885,-0.183631,-0.395541,0.08715,1.10716
469,1.69902,-0.924952,0.475135,-0.0888539,-0.326579,0.0328325,1.10153
470,1.62402,-0.849952,0.479863,-0.152558,-0.226579,-0.0287603,1.01536
471,1.54902,-0.859936,0.432377,-0.233718,-0.126951,-0.00834418,0.998862
472,1.56492,-0.79761,0.507377,-0.190283,-0.153613,-0.0822266,0.979905
473,1.63992,-0.87261,0.432377,-0.218756,-0.0556629,0.0177734,1.00222
474,1.71492,-0.94761,0.507377,-0.136613,-0.115665,0.117773,1.10548
475,1.78992,-0.87261,0.432377,-0.0862814,-0.0780942,0.122131,1.01236
476,1.71492,-0.797629,0.357388,-0.0669753,-0.0417252,0.0306953,0.889876
477,1.63992,-0.722629,0.42688,0.0330247,-0.0576108,0.0165561,0.844915
478,1.71492,-0.659725,0.50188,0.00638333,-0.0159128,-0.0238222,0.841875
479,1.68347,-0.584725,0.42688,0.0203249,-0.0419303,-0.00066912,0.734165
480,1.64451,-0.60729,0.50188,0.0655091,0.00780909,-0.0627735,0.7965
481,1.6278,-0.568017,0.57688,-0.00793296,0.0886745,0.00787513,0.816499
482,1.6117,-0.606712,0.65188,-0.0664936,0.0138755,-0.0378265,0.894854
483,1.55613,-0.53485,0.625684,-0.0195153,-0.0597105,-0.122394,0.834677
484,1.48113,-0.476074,0.700684,-0.113314,-0.0833266,-0.222394,0.891564
485,1.55613,-0.551074,0.774072,-0.13052,-0.0265381,-0.306484,1.00735
486,1.48113,-0.626074,0.849072,-0.0305205,0.0323938,-0.306411,1.10309
487,1.48049,-0.551074,0.810186,-0.00341826,-0.0240993,-0.301794,1.02952
488,1.55549,-0.626074,0.762238,0.0189791,0.0678301,-0.254918,1.02135
489,1.63049,-0.701074,0.75734,-0.0604926,0.160863,-0.241357,1.07537
490,1.70549,-0.626074,0.83234,-0.0850212,0.165512,-0.226234,1.09028
491,1.68475,-0.551076,0.757343,-0.0941188,0.258321,-0.205159,1.00395
492,1.71295,-0.499542,0.774787,-0.10863,0.251705,-0.165573,0.986213
493,1.63795,-0.424542,0.72089,-0.0627963,0.208592,-0.12543,0.876136
494,1.63694,-0.349542,0.649925,-0.0644469,0.129654,-0.102027,0.761793
495,1.56194,-0.274542,0.574925,-0.164447,0.201043,-0.0922533,0.694235
496,1.57687,-0.254001,0.499925,-0.0644469,0.186835,-0.096522,0.602375
497,1.62518,-0.329001,0.572805,-0.061391,0.259723,-0.0997233,0.721439
498,1.61156,-0.315952,0.497805,-0.161391,0.224183,-0.133934,0.665988
499,1.61899,-0.240952,0.422805,-0.0820426,0.324183,-0.0339343,0.593399
